uhf_pk,type,category,name,original_name,epg_channel_id,logo_url
98,0,Bein Channels,AR-beinJeem HD,AR-beinJeem HD,JeemTV.qa,https://cms123456.com/assets/uploads/files/04bfa-jeem_tv_qa.png
100,0,Bein Channels,Ar-Bein-Junior,Ar-Bein-Junior,,https://cms123456.com/assets/uploads/files/a578a-bejunior.jpg
509,0,Bein Channels,Ar||Bein BBC Earth,Ar||Bein BBC Earth,BBCEarth.qa,https://cms123456.com/assets/uploads/files/9143b-bbc-earth-hd-buyuk.png
508,0,Bein Channels,Ar||Bein Fox Rewayat,Ar||Bein Fox Rewayat,,https://cms123456.com/assets/uploads/files/1d89a-fox-rewayat-2.png
208,0,Bein Channels,Ar||Bein_AMC_HD,Ar||Bein_AMC_HD,,https://cms123456.com/assets/uploads/files/26201-bein.png
220,0,Bein Channels,Ar||Bein_Baraem_HD,Ar||Bein_Baraem_HD,Baraem.qa,https://cms123456.com/assets/uploads/files/26201-bein.png
28,0,Bein Channels,Ar||Bein_Bejunior_HD,Ar||Bein_Bejunior_HD,beJunior.qa,https://cms123456.com/assets/uploads/files/26201-bein.png
221,0,Bein Channels,Ar||Bein_Boomerang_HD,Ar||Bein_Boomerang_HD,BoomerangMENAar.ae,https://cms123456.com/assets/uploads/files/26201-bein.png
222,0,Bein Channels,Ar||Bein_Cartoon_Network_HD,Ar||Bein_Cartoon_Network_HD,CartoonNetworkEn.qa,https://cms123456.com/assets/uploads/files/26201-bein.png
218,0,Bein Channels,Ar||Bein_Discovery_Turbo_Xtra,Ar||Bein_Discovery_Turbo_Xtra,,
223,0,Bein Channels,Ar||Bein_Drama_HD1,Ar||Bein_Drama_HD1,Drama.qa,https://cms123456.com/assets/uploads/files/26201-bein.png
225,0,Bein Channels,Ar||Bein_Fatafeat,Ar||Bein_Fatafeat,Fatafeat.qa,https://cms123456.com/assets/uploads/files/26201-bein.png
210,0,Bein Channels,Ar||Bein_Fox_Action_Movies_HD,Ar||Bein_Fox_Action_Movies_HD,FOXMoviesAction.qa,https://cms123456.com/assets/uploads/files/26201-bein.png
209,0,Bein Channels,Ar||Bein_Fox_Movies_HD,Ar||Bein_Fox_Movies_HD,,https://cms123456.com/assets/uploads/files/26201-bein.png
226,0,Bein Channels,Ar||Bein_Gourmet_HD,Ar||Bein_Gourmet_HD,Gourmet.qa,https://cms123456.com/assets/uploads/files/26201-bein.png
224,0,Bein Channels,Ar||Bein_HGTV_HD,Ar||Bein_HGTV_HD,HGTV.qa,
202,0,Bein Channels,Ar||Bein_Movies_HD1,Ar||Bein_Movies_HD1,,https://cms123456.com/assets/uploads/files/26201-bein.png
203,0,Bein Channels,Ar||Bein_Movies_HD2,Ar||Bein_Movies_HD2,,https://cms123456.com/assets/uploads/files/26201-bein.png
204,0,Bein Channels,Ar||Bein_Movies_HD3,Ar||Bein_Movies_HD3,,https://cms123456.com/assets/uploads/files/26201-bein.png
205,0,Bein Channels,Ar||Bein_Movies_HD4,Ar||Bein_Movies_HD4,,https://cms123456.com/assets/uploads/files/26201-bein.png
211,0,Bein Channels,Ar||Bein_Nat_Geo,Ar||Bein_Nat_Geo,NationalGeographicAbuDhabi.ae,https://cms123456.com/assets/uploads/files/26201-bein.png
212,0,Bein Channels,Ar||Bein_Nat_People,Ar||Bein_Nat_People,,https://cms123456.com/assets/uploads/files/26201-bein.png
213,0,Bein Channels,Ar||Bein_Nat_Wild,Ar||Bein_Nat_Wild,NatGeoWild.qa,https://cms123456.com/assets/uploads/files/26201-bein.png
214,0,Bein Channels,Ar||Bein_OutDoor_HD,Ar||Bein_OutDoor_HD,,
206,0,Bein Channels,Ar||Bein_Series_HD1,Ar||Bein_Series_HD1,beINSeries1.qa,https://cms123456.com/assets/uploads/files/26201-bein.png
207,0,Bein Channels,Ar||Bein_Series_HD2,Ar||Bein_Series_HD2,beINSeries2.qa,https://cms123456.com/assets/uploads/files/26201-bein.png
215,0,Bein Channels,Ar||Bein_Travel_HD,Ar||Bein_Travel_HD,TravelChannel.qa,
216,0,Bein Channels,Ar||Bein_fox_Life_HD,Ar||Bein_fox_Life_HD,,https://cms123456.com/assets/uploads/files/26201-bein.png
217,0,Bein Channels,Ar||Bein_fox_crime_HD,Ar||Bein_fox_crime_HD,FoxCrime.qa,https://cms123456.com/assets/uploads/files/26201-bein.png
219,0,Bein Channels,Ar||Bein_jeem_HD,Ar||Bein_jeem_HD,JeemTV.qa,
1794,0,Canada,"CBC (CBAT) Fredericton, NB HD",Canada- CBC Toronto HD,!$!66F1AC9F-76BD-40AD-AA7D-6299B0BA0A8E!$!CA:CBATDT.ca,https://i.imgur.com/xflShTG.png
1917,0,Canada,Canada- ABC Spark,Canada- ABC Spark,,https://cms123456.com/assets/uploads/files/007bf-thumbnail_canada.jpg
1886,0,Canada,Canada- ADDIK TV QC,Canada- ADDIK TV QC,,https://cms123456.com/assets/uploads/files/007bf-thumbnail_canada.jpg
1885,0,Canada,Canada- AMC Ca,Canada- AMC Ca,,https://cms123456.com/assets/uploads/files/007bf-thumbnail_canada.jpg
1833,0,Canada,Canada- AMC HD CA,Canada- AMC HD CA,,https://cms123456.com/assets/uploads/files/007bf-thumbnail_canada.jpg
1884,0,Canada,Canada- ARTV QC,Canada- ARTV QC,,https://cms123456.com/assets/uploads/files/007bf-thumbnail_canada.jpg
1893,0,Canada,Canada- Animal Planet,Canada- Animal Planet,,https://cms123456.com/assets/uploads/files/007bf-thumbnail_canada.jpg
1883,0,Canada,Canada- BEIN SPORTS CANADA,Canada- BEIN SPORTS CANADA,,https://cms123456.com/assets/uploads/files/007bf-thumbnail_canada.jpg
1831,0,Canada,Canada- BNN HD CA,Canada- BNN HD CA,,https://cms123456.com/assets/uploads/files/007bf-thumbnail_canada.jpg
1882,0,Canada,Canada- CANAL D QC,Canada- CANAL D QC,,https://cms123456.com/assets/uploads/files/007bf-thumbnail_canada.jpg
1881,0,Canada,Canada- CANAL VIE QC,Canada- CANAL VIE QC,,https://cms123456.com/assets/uploads/files/007bf-thumbnail_canada.jpg
1880,0,Canada,Canada- CASA QC,Canada- CASA QC,,https://cms123456.com/assets/uploads/files/007bf-thumbnail_canada.jpg
1907,0,Canada,Canada- CBC Edmonton,Canada- CBC Edmonton,,https://cms123456.com/assets/uploads/files/007bf-thumbnail_canada.jpg
1830,0,Canada,Canada- CBC HD CA,Canada- CBC HD CA,,https://cms123456.com/assets/uploads/files/007bf-thumbnail_canada.jpg
1908,0,Canada,Canada- CBC Halifax,Canada- CBC Halifax,,https://cms123456.com/assets/uploads/files/007bf-thumbnail_canada.jpg
1879,0,Canada,Canada- CBC MONTREAL QC,Canada- CBC MONTREAL QC,,https://cms123456.com/assets/uploads/files/007bf-thumbnail_canada.jpg
1829,0,Canada,Canada- CBC Montreal CA-FR,Canada- CBC Montreal CA-FR,,https://cms123456.com/assets/uploads/files/007bf-thumbnail_canada.jpg
1911,0,Canada,Canada- CBC News Network,Canada- CBC News Network,,https://cms123456.com/assets/uploads/files/007bf-thumbnail_canada.jpg
1909,0,Canada,Canada- CBC OTTAWA,Canada- CBC OTTAWA,,https://cms123456.com/assets/uploads/files/007bf-thumbnail_canada.jpg
1828,0,Canada,Canada- CBC Toronto SD,Canada- CBC Toronto SD,,https://cms123456.com/assets/uploads/files/007bf-thumbnail_canada.jpg
1827,0,Canada,Canada- CBC Vancouver HD CA,Canada- CBC Vancouver HD CA,,https://cms123456.com/assets/uploads/files/007bf-thumbnail_canada.jpg
1910,0,Canada,Canada- CBC Winnipeg,Canada- CBC Winnipeg,,https://cms123456.com/assets/uploads/files/007bf-thumbnail_canada.jpg
1797,0,Canada,Canada- CBC-Toronto HD,Canada- CBC-Toronto HD,,https://cms123456.com/assets/uploads/files/007bf-thumbnail_canada.jpg
1878,0,Canada,Canada- CHCH Ca,Canada- CHCH Ca,,https://cms123456.com/assets/uploads/files/007bf-thumbnail_canada.jpg
1826,0,Canada,Canada- CHCH HD CA,Canada- CHCH HD CA,,https://cms123456.com/assets/uploads/files/007bf-thumbnail_canada.jpg
1904,0,Canada,Canada- CITY TORONTO,Canada- CITY TORONTO,,https://cms123456.com/assets/uploads/files/007bf-thumbnail_canada.jpg
1905,0,Canada,Canada- CITYLGARY,Canada- CITYLGARY,,https://cms123456.com/assets/uploads/files/007bf-thumbnail_canada.jpg
1912,0,Canada,Canada- COOKING CHANNEL,Canada- COOKING CHANNEL,,https://cms123456.com/assets/uploads/files/007bf-thumbnail_canada.jpg
1900,0,Canada,Canada- COTTAGE LIFE,Canada- COTTAGE LIFE,,https://cms123456.com/assets/uploads/files/007bf-thumbnail_canada.jpg
1877,0,Canada,Canada- CP24 Ca,Canada- CP24 Ca,,https://cms123456.com/assets/uploads/files/007bf-thumbnail_canada.jpg
1823,0,Canada,Canada- CP24 HD CA,Canada- CP24 HD CA,,https://cms123456.com/assets/uploads/files/007bf-thumbnail_canada.jpg
1822,0,Canada,Canada- CPAC HD CA,Canada- CPAC HD CA,,https://cms123456.com/assets/uploads/files/007bf-thumbnail_canada.jpg
1876,0,Canada,Canada- CPAC QC,Canada- CPAC QC,,https://cms123456.com/assets/uploads/files/007bf-thumbnail_canada.jpg
1920,0,Canada,Canada- CTV 2 VANCOUVER,Canada- CTV 2 VANCOUVER,,https://cms123456.com/assets/uploads/files/007bf-thumbnail_canada.jpg
1937,0,Canada,Canada- CTV Calgary,Canada- CTV Calgary,,https://cms123456.com/assets/uploads/files/007bf-thumbnail_canada.jpg
1824,0,Canada,Canada- CTV Comedy HD  ca,Canada- CTV Comedy HD  ca,,https://cms123456.com/assets/uploads/files/007bf-thumbnail_canada.jpg
1918,0,Canada,Canada- CTV Drama,Canada- CTV Drama,,https://cms123456.com/assets/uploads/files/007bf-thumbnail_canada.jpg
1875,0,Canada,Canada- CTV MONTREAL Ca,Canada- CTV MONTREAL Ca,,https://cms123456.com/assets/uploads/files/007bf-thumbnail_canada.jpg
1795,0,Canada,Canada- CTV News HD,Canada- CTV News HD,,https://cms123456.com/assets/uploads/files/007bf-thumbnail_canada.jpg
1821,0,Canada,Canada- CTV News Live Events 3 HD CA,Canada- CTV News Live Events 3 HD CA,,https://cms123456.com/assets/uploads/files/007bf-thumbnail_canada.jpg
1915,0,Canada,Canada- CTV TORONTO,Canada- CTV TORONTO,,https://cms123456.com/assets/uploads/files/007bf-thumbnail_canada.jpg
1916,0,Canada,Canada- CTV VANCOUVER,Canada- CTV VANCOUVER,,https://cms123456.com/assets/uploads/files/007bf-thumbnail_canada.jpg
1899,0,Canada,Canada- CTV2 OTTAWA,Canada- CTV2 OTTAWA,,https://cms123456.com/assets/uploads/files/007bf-thumbnail_canada.jpg
1921,0,Canada,Canada- CTV2 OTTAWA,Canada- CTV2 OTTAWA,,https://cms123456.com/assets/uploads/files/007bf-thumbnail_canada.jpg
1926,0,Canada,Canada- Canal Savoir,Canada- Canal Savoir,,https://cms123456.com/assets/uploads/files/007bf-thumbnail_canada.jpg
1825,0,Canada,Canada- City Vancouver FHD CA,Canada- City Vancouver FHD CA,,https://cms123456.com/assets/uploads/files/007bf-thumbnail_canada.jpg
1896,0,Canada,Canada- DEJAVIEW,Canada- DEJAVIEW,,https://cms123456.com/assets/uploads/files/007bf-thumbnail_canada.jpg
1874,0,Canada,Canada- DISNEY Ca,Canada- DISNEY Ca,,https://cms123456.com/assets/uploads/files/007bf-thumbnail_canada.jpg
1873,0,Canada,Canada- DISNEY JR Ca,Canada- DISNEY JR Ca,,https://cms123456.com/assets/uploads/files/007bf-thumbnail_canada.jpg
1820,0,Canada,Canada- Discovery Science CA,Canada- Discovery Science CA,,https://cms123456.com/assets/uploads/files/007bf-thumbnail_canada.jpg
1819,0,Canada,Canada- Disney HD,Canada- Disney HD,,https://cms123456.com/assets/uploads/files/007bf-thumbnail_canada.jpg
1818,0,Canada,Canada- Disney JR HD CA,Canada- Disney JR HD CA,,https://cms123456.com/assets/uploads/files/007bf-thumbnail_canada.jpg
1863,0,Canada,Canada- Diy network,Canada- Diy network,,https://cms123456.com/assets/uploads/files/007bf-thumbnail_canada.jpg
1817,0,Canada,Canada- E! Entertainment HD CA,Canada- E! Entertainment HD CA,,https://cms123456.com/assets/uploads/files/007bf-thumbnail_canada.jpg
1887,0,Canada,Canada- FAMILY,Canada- FAMILY,,https://cms123456.com/assets/uploads/files/007bf-thumbnail_canada.jpg
1815,0,Canada,Canada- FX FHD CA,Canada- FX FHD CA,,https://cms123456.com/assets/uploads/files/007bf-thumbnail_canada.jpg
1872,0,Canada,Canada- FX HD Ca,Canada- FX HD Ca,,https://cms123456.com/assets/uploads/files/007bf-thumbnail_canada.jpg
1814,0,Canada,Canada- FXX CA,Canada- FXX CA,,https://cms123456.com/assets/uploads/files/007bf-thumbnail_canada.jpg
1816,0,Canada,Canada- Fight Network HD CA,Canada- Fight Network HD CA,,https://cms123456.com/assets/uploads/files/007bf-thumbnail_canada.jpg
1898,0,Canada,Canada- Food Network,Canada- Food Network,,https://cms123456.com/assets/uploads/files/007bf-thumbnail_canada.jpg
1913,0,Canada,Canada- GLOBAL HALIFAX,Canada- GLOBAL HALIFAX,,https://cms123456.com/assets/uploads/files/007bf-thumbnail_canada.jpg
1914,0,Canada,Canada- GLOBAL VANCOUVER,Canada- GLOBAL VANCOUVER,,https://cms123456.com/assets/uploads/files/007bf-thumbnail_canada.jpg
1894,0,Canada,Canada- Game TV,Canada- Game TV,,https://cms123456.com/assets/uploads/files/007bf-thumbnail_canada.jpg
1798,0,Canada,Canada- Global,Canada- Global,,https://cms123456.com/assets/uploads/files/007bf-thumbnail_canada.jpg
1871,0,Canada,Canada- HBO 1 Ca,Canada- HBO 1 Ca,,https://cms123456.com/assets/uploads/files/007bf-thumbnail_canada.jpg
1870,0,Canada,Canada- HBO 2 Ca,Canada- HBO 2 Ca,,https://cms123456.com/assets/uploads/files/007bf-thumbnail_canada.jpg
1906,0,Canada,Canada- HGTV,Canada- HGTV,,https://cms123456.com/assets/uploads/files/007bf-thumbnail_canada.jpg
1869,0,Canada,Canada- HISTORIA QC,Canada- HISTORIA QC,,https://cms123456.com/assets/uploads/files/007bf-thumbnail_canada.jpg
1902,0,Canada,Canada- History Channel,Canada- History Channel,,https://cms123456.com/assets/uploads/files/007bf-thumbnail_canada.jpg
1867,0,Canada,Canada- ICI VANCOUVER QC,Canada- ICI VANCOUVER QC,,https://cms123456.com/assets/uploads/files/007bf-thumbnail_canada.jpg
1890,0,Canada,Canada- KNOWLEDGE KIDS,Canada- KNOWLEDGE KIDS,,https://cms123456.com/assets/uploads/files/007bf-thumbnail_canada.jpg
1866,0,Canada,Canada- LCN QC,Canada- LCN QC,,https://cms123456.com/assets/uploads/files/007bf-thumbnail_canada.jpg
1865,0,Canada,Canada- LIFETIME Ca,Canada- LIFETIME Ca,,https://cms123456.com/assets/uploads/files/007bf-thumbnail_canada.jpg
1813,0,Canada,Canada- Lifetime FHD CA,Canada- Lifetime FHD CA,,https://cms123456.com/assets/uploads/files/007bf-thumbnail_canada.jpg
1901,0,Canada,Canada- Love Nature,Canada- Love Nature,,https://cms123456.com/assets/uploads/files/007bf-thumbnail_canada.jpg
1864,0,Canada,Canada- METEO QC,Canada- METEO QC,,https://cms123456.com/assets/uploads/files/007bf-thumbnail_canada.jpg
1930,0,Canada,Canada- MOI et CIE (FR),Canada- MOI et CIE (FR),,https://cms123456.com/assets/uploads/files/007bf-thumbnail_canada.jpg
1862,0,Canada,Canada- MOVIE TIME 1 Ca,Canada- MOVIE TIME 1 Ca,,https://cms123456.com/assets/uploads/files/007bf-thumbnail_canada.jpg
1903,0,Canada,Canada- MTV,Canada- MTV,,https://cms123456.com/assets/uploads/files/007bf-thumbnail_canada.jpg
1919,0,Canada,Canada- Makeful,Canada- Makeful,,https://cms123456.com/assets/uploads/files/007bf-thumbnail_canada.jpg
1929,0,Canada,Canada- Musique Plus (FR),Canada- Musique Plus (FR),,https://cms123456.com/assets/uploads/files/007bf-thumbnail_canada.jpg
1861,0,Canada,Canada- NAT GEO WILD Ca,Canada- NAT GEO WILD Ca,,https://cms123456.com/assets/uploads/files/007bf-thumbnail_canada.jpg
1860,0,Canada,Canada- NATIONAL GEOGRAPHIC Ca,Canada- NATIONAL GEOGRAPHIC Ca,,https://cms123456.com/assets/uploads/files/007bf-thumbnail_canada.jpg
1812,0,Canada,Canada- NTV News HD CA,Canada- NTV News HD CA,,https://cms123456.com/assets/uploads/files/007bf-thumbnail_canada.jpg
1859,0,Canada,Canada- OLN Ca,Canada- OLN Ca,,https://cms123456.com/assets/uploads/files/007bf-thumbnail_canada.jpg
1858,0,Canada,Canada- OMNI 2 HD Ca,Canada- OMNI 2 HD Ca,,https://cms123456.com/assets/uploads/files/007bf-thumbnail_canada.jpg
1857,0,Canada,Canada- OWN HD Ca,Canada- OWN HD Ca,,https://cms123456.com/assets/uploads/files/007bf-thumbnail_canada.jpg
1856,0,Canada,Canada- PEACHTREE Ca,Canada- PEACHTREE Ca,,https://cms123456.com/assets/uploads/files/007bf-thumbnail_canada.jpg
1855,0,Canada,Canada- PRISE 2 QC,Canada- PRISE 2 QC,,https://cms123456.com/assets/uploads/files/007bf-thumbnail_canada.jpg
1811,0,Canada,Canada- Peachtree HD CA,Canada- Peachtree HD CA,,https://cms123456.com/assets/uploads/files/007bf-thumbnail_canada.jpg
1854,0,Canada,Canada- RDI QC,Canada- RDI QC,,https://cms123456.com/assets/uploads/files/007bf-thumbnail_canada.jpg
1853,0,Canada,Canada- RDS 2 QC,Canada- RDS 2 QC,,https://cms123456.com/assets/uploads/files/007bf-thumbnail_canada.jpg
1852,0,Canada,Canada- RDS INFO QC,Canada- RDS INFO QC,,https://cms123456.com/assets/uploads/files/007bf-thumbnail_canada.jpg
1810,0,Canada,Canada- RDS Info CA-FR,Canada- RDS Info CA-FR,,https://cms123456.com/assets/uploads/files/007bf-thumbnail_canada.jpg
1851,0,Canada,Canada- RDS QC,Canada- RDS QC,,https://cms123456.com/assets/uploads/files/007bf-thumbnail_canada.jpg
1850,0,Canada,Canada- SERIES  QC,Canada- SERIES  QC,,https://cms123456.com/assets/uploads/files/007bf-thumbnail_canada.jpg
1849,0,Canada,Canada- SLICE Ca,Canada- SLICE Ca,,https://cms123456.com/assets/uploads/files/007bf-thumbnail_canada.jpg
1847,0,Canada,Canada- SUPER CHANNEL 1 Ca,Canada- SUPER CHANNEL 1 Ca,,https://cms123456.com/assets/uploads/files/007bf-thumbnail_canada.jpg
1846,0,Canada,Canada- SUPER CHANNEL 2 Ca,Canada- SUPER CHANNEL 2 Ca,,https://cms123456.com/assets/uploads/files/007bf-thumbnail_canada.jpg
1845,0,Canada,Canada- SUPER CHANNEL 4 Ca,Canada- SUPER CHANNEL 4 Ca,,https://cms123456.com/assets/uploads/files/007bf-thumbnail_canada.jpg
1868,0,Canada,Canada- Shopping,Canada- Shopping,,https://cms123456.com/assets/uploads/files/007bf-thumbnail_canada.jpg
1809,0,Canada,Canada- Slice HD CA,Canada- Slice HD CA,,https://cms123456.com/assets/uploads/files/007bf-thumbnail_canada.jpg
1932,0,Canada,Canada- Sports Net 360 FHD,Canada- Sports Net 360 FHD,,https://cms123456.com/assets/uploads/files/007bf-thumbnail_canada.jpg
1936,0,Canada,Canada- Sports Net East HD,Canada- Sports Net East HD,,https://cms123456.com/assets/uploads/files/007bf-thumbnail_canada.jpg
1933,0,Canada,Canada- Sports Net One HD,Canada- Sports Net One HD,,https://cms123456.com/assets/uploads/files/007bf-thumbnail_canada.jpg
1935,0,Canada,Canada- Sports Net Ontario HD,Canada- Sports Net Ontario HD,,https://cms123456.com/assets/uploads/files/007bf-thumbnail_canada.jpg
1808,0,Canada,Canada- Sports Net Pacific HD CA,Canada- Sports Net Pacific HD CA,,https://cms123456.com/assets/uploads/files/007bf-thumbnail_canada.jpg
1934,0,Canada,Canada- Sports Net World HD,Canada- Sports Net World HD,,https://cms123456.com/assets/uploads/files/007bf-thumbnail_canada.jpg
1793,0,Canada,Canada- Super Ecran 1 (FR),Canada- Super Ecran 1 (FR),,https://cms123456.com/assets/uploads/files/007bf-thumbnail_canada.jpg
1922,0,Canada,Canada- Super Ecran 2 (FR),Canada- Super Ecran 2 (FR),,https://cms123456.com/assets/uploads/files/007bf-thumbnail_canada.jpg
1923,0,Canada,Canada- Super Ecran 3 (FR),Canada- Super Ecran 3 (FR),,https://cms123456.com/assets/uploads/files/007bf-thumbnail_canada.jpg
1924,0,Canada,Canada- Super Ecran 4 (FR),Canada- Super Ecran 4 (FR),,https://cms123456.com/assets/uploads/files/007bf-thumbnail_canada.jpg
1844,0,Canada,Canada- TELE QUEBEC QC,Canada- TELE QUEBEC QC,,https://cms123456.com/assets/uploads/files/007bf-thumbnail_canada.jpg
1806,0,Canada,Canada- TLC HD CA,Canada- TLC HD CA,,https://cms123456.com/assets/uploads/files/007bf-thumbnail_canada.jpg
1843,0,Canada,Canada- TMN 2 HD Ca,Canada- TMN 2 HD Ca,,https://cms123456.com/assets/uploads/files/007bf-thumbnail_canada.jpg
1892,0,Canada,Canada- TRAVEL ESCAPE,Canada- TRAVEL ESCAPE,,https://cms123456.com/assets/uploads/files/007bf-thumbnail_canada.jpg
1842,0,Canada,Canada- TREEHOUSE Ca,Canada- TREEHOUSE Ca,,https://cms123456.com/assets/uploads/files/007bf-thumbnail_canada.jpg
1805,0,Canada,Canada- TSN 1 HD CA,Canada- TSN 1 HD CA,,https://cms123456.com/assets/uploads/files/007bf-thumbnail_canada.jpg
1804,0,Canada,Canada- TSN 2 HD CA,Canada- TSN 2 HD CA,,https://cms123456.com/assets/uploads/files/007bf-thumbnail_canada.jpg
1803,0,Canada,Canada- TSN 3 HD CA,Canada- TSN 3 HD CA,,https://cms123456.com/assets/uploads/files/007bf-thumbnail_canada.jpg
1802,0,Canada,Canada- TSN 4 HD CA,Canada- TSN 4 HD CA,,https://cms123456.com/assets/uploads/files/007bf-thumbnail_canada.jpg
1801,0,Canada,Canada- TSN 5 HD CA,Canada- TSN 5 HD CA,,https://cms123456.com/assets/uploads/files/007bf-thumbnail_canada.jpg
1841,0,Canada,Canada- TURNER CLASSIC MOVIES Ca,Canada- TURNER CLASSIC MOVIES Ca,,https://cms123456.com/assets/uploads/files/007bf-thumbnail_canada.jpg
1840,0,Canada,Canada- TV5 QUEBEC QC,Canada- TV5 QUEBEC QC,,https://cms123456.com/assets/uploads/files/007bf-thumbnail_canada.jpg
1928,0,Canada,Canada- TVA Montreal (CFTM),Canada- TVA Montreal (CFTM),,https://cms123456.com/assets/uploads/files/007bf-thumbnail_canada.jpg
1839,0,Canada,Canada- TVA SPORTS QC,Canada- TVA SPORTS QC,,https://cms123456.com/assets/uploads/files/007bf-thumbnail_canada.jpg
1891,0,Canada,Canada- TVO,Canada- TVO,,https://cms123456.com/assets/uploads/files/007bf-thumbnail_canada.jpg
1925,0,Canada,Canada- Teletoon (FR),Canada- Teletoon (FR),,https://cms123456.com/assets/uploads/files/007bf-thumbnail_canada.jpg
1796,0,Canada,Canada- Teletoon Eng,Canada- Teletoon Eng,,https://cms123456.com/assets/uploads/files/007bf-thumbnail_canada.jpg
1931,0,Canada,Canada- Unis_TV_(FR),Canada- Unis_TV_(FR),,https://cms123456.com/assets/uploads/files/007bf-thumbnail_canada.jpg
1838,0,Canada,Canada- VISION TV Ca,Canada- VISION TV Ca,,https://cms123456.com/assets/uploads/files/007bf-thumbnail_canada.jpg
1837,0,Canada,Canada- VRAK TV QC,Canada- VRAK TV QC,,https://cms123456.com/assets/uploads/files/007bf-thumbnail_canada.jpg
1897,0,Canada,Canada- W_NETWORK,Canada- W_NETWORK,,https://cms123456.com/assets/uploads/files/007bf-thumbnail_canada.jpg
1895,0,Canada,Canada- Wild TV,Canada- Wild TV,,https://cms123456.com/assets/uploads/files/007bf-thumbnail_canada.jpg
1836,0,Canada,Canada- YES Ca,Canada- YES Ca,,https://cms123456.com/assets/uploads/files/007bf-thumbnail_canada.jpg
1800,0,Canada,Canada- YES TV HD CA,Canada- YES TV HD CA,,https://cms123456.com/assets/uploads/files/007bf-thumbnail_canada.jpg
1889,0,Canada,Canada- YOOPA (FR),Canada- YOOPA (FR),,https://cms123456.com/assets/uploads/files/007bf-thumbnail_canada.jpg
1888,0,Canada,Canada- YTV,Canada- YTV,,https://cms123456.com/assets/uploads/files/007bf-thumbnail_canada.jpg
1835,0,Canada,Canada- Z TELE QC,Canada- Z TELE QC,,https://cms123456.com/assets/uploads/files/007bf-thumbnail_canada.jpg
1834,0,Canada,Canada- ZESTE QC,Canada- ZESTE QC,,https://cms123456.com/assets/uploads/files/007bf-thumbnail_canada.jpg
1832,0,Canada,Canada- beIN Sports HD CA,Canada- beIN Sports HD CA,,https://cms123456.com/assets/uploads/files/007bf-thumbnail_canada.jpg
1927,0,Canada,Canada- crave 2,Canada- crave 2,,https://cms123456.com/assets/uploads/files/007bf-thumbnail_canada.jpg
1848,0,Canada,Canada- crave1,Canada- crave1,,https://cms123456.com/assets/uploads/files/007bf-thumbnail_canada.jpg
1938,0,Canada,Canada-CBC CALGARY HD,Canada-CBC CALGARY HD,,https://cms123456.com/assets/uploads/files/007bf-thumbnail_canada.jpg
1799,0,Canada,Canada-Daystar,Canada-Daystar,,https://cms123456.com/assets/uploads/files/007bf-thumbnail_canada.jpg
1939,0,Canada,Canada-Family jr,Canada-Family jr,,https://cms123456.com/assets/uploads/files/007bf-thumbnail_canada.jpg
1807,0,Canada,Sportsnet (Ontario),Canada- Sports Net West HD CA,!$!66F1AC9F-76BD-40AD-AA7D-6299B0BA0A8E!$!CA:Sportsnet.ca,https://upload.wikimedia.org/wikipedia/commons/thumb/7/7f/Logo_Sportsnet_2011.svg/960px-Logo_Sportsnet_2011.svg.png
1062,0,Canal + Africa,C+ AF| WALF TV,C+ AF| WALF TV,,https://cms123456.com/assets/uploads/files/0a7b2-eb549-81e6c-icon-esiptv-bein-hd.png
1133,0,Canal + Africa,|C+ AF| 2STV,|C+ AF| 2STV,,https://cms123456.com/assets/uploads/files/02950-2stv.jpg
1105,0,Canal + Africa,|C+ AF| 3TV,|C+ AF| 3TV,,https://cms123456.com/assets/uploads/files/4830b-3tv.jpg
1136,0,Canal + Africa,|C+ AF| 7INFO,|C+ AF| 7INFO,,https://cms123456.com/assets/uploads/files/84462-7info.jpeg
1067,0,Canal + Africa,|C+ AF| A+,|C+ AF| A+,,https://cms123456.com/assets/uploads/files/6e1ee-a-.png
1065,0,Canal + Africa,|C+ AF| A+ IVOIRE Antenne,|C+ AF| A+ IVOIRE Antenne,,https://cms123456.com/assets/uploads/files/7648e-a-ivoire-antenne.jpeg
1066,0,Canal + Africa,|C+ AF| A+ International,|C+ AF| A+ International,,https://cms123456.com/assets/uploads/files/b62f0-a-.png
1154,0,Canal + Africa,|C+ AF| AFRICA 24,|C+ AF| AFRICA 24,,https://cms123456.com/assets/uploads/files/d54b5-africa-24.png
1185,0,Canal + Africa,|C+ AF| AFRICABLE,|C+ AF| AFRICABLE,,https://cms123456.com/assets/uploads/files/178e2-africable.png
1119,0,Canal + Africa,|C+ AF| ALAFIA TV,|C+ AF| ALAFIA TV,,https://cms123456.com/assets/uploads/files/e521b-alafia-tv.jpeg
1146,0,Canal + Africa,|C+ AF| ALBAYANE,|C+ AF| ALBAYANE,,https://cms123456.com/assets/uploads/files/4a361-albayane.png
1197,0,Canal + Africa,|C+ AF| ANTENNE ,|C+ AF| ANTENNE ,,https://cms123456.com/assets/uploads/files/6c4c2-antenne.png
1127,0,Canal + Africa,|C+ AF| ASFIYAHI,|C+ AF| ASFIYAHI,,https://cms123456.com/assets/uploads/files/8c2e0-asfiyah.jpeg
1216,0,Canal + Africa,|C+ AF| AUTHENTIC TV,|C+ AF| AUTHENTIC TV,,https://cms123456.com/assets/uploads/files/5c819-authentic-tv.jpg
1198,0,Canal + Africa,|C+ AF| B-ONE,|C+ AF| B-ONE,,https://cms123456.com/assets/uploads/files/c88d3-b-one.png
1190,0,Canal + Africa,|C+ AF| B-One,|C+ AF| B-One,,https://cms123456.com/assets/uploads/files/a11b3-b-one.png
1173,0,Canal + Africa,|C+ AF| BANTAMBA TV,|C+ AF| BANTAMBA TV,,https://cms123456.com/assets/uploads/files/a4f67-bantamba.jpg
1148,0,Canal + Africa,|C+ AF| BBC WORLD NEWS,|C+ AF| BBC WORLD NEWS,,https://cms123456.com/assets/uploads/files/89ad7-bbc-world-news.jpeg
1171,0,Canal + Africa,|C+ AF| BBLACK AFRICA,|C+ AF| BBLACK AFRICA,,https://cms123456.com/assets/uploads/files/f1a19-bblack-africa.jpeg
1177,0,Canal + Africa,|C+ AF| BET,|C+ AF| BET,,https://cms123456.com/assets/uploads/files/4adc4-bet.jpeg
1107,0,Canal + Africa,|C+ AF| BF1 TV,|C+ AF| BF1 TV,,https://cms123456.com/assets/uploads/files/5c473-bf1-tv.png
1149,0,Canal + Africa,|C+ AF| BLOOMBERG TV,|C+ AF| BLOOMBERG TV,,https://cms123456.com/assets/uploads/files/68b7b-boomerang.jpeg
1088,0,Canal + Africa,|C+ AF| BONFEREY,|C+ AF| BONFEREY,,https://cms123456.com/assets/uploads/files/ea117-bonferey.jpeg
1072,0,Canal + Africa,|C+ AF| BTN TV,|C+ AF| BTN TV,,https://cms123456.com/assets/uploads/files/7c127-btn-tv.png
1106,0,Canal + Africa,|C+ AF| BURKINA INFO,|C+ AF| BURKINA INFO,,https://cms123456.com/assets/uploads/files/79048-burkina-info.jpg
1051,0,Canal + Africa,|C+ AF| C+ ACTION C,|C+ AF| C+ ACTION C,,https://cms123456.com/assets/uploads/files/e2a59-c-cinema-c.jpeg
1052,0,Canal + Africa,|C+ AF| C+ ACTION O,|C+ AF| C+ ACTION O,,https://cms123456.com/assets/uploads/files/19bd6-c-cinema-c.jpeg
1049,0,Canal + Africa,|C+ AF| C+ CINEMA C,|C+ AF| C+ CINEMA C,,https://cms123456.com/assets/uploads/files/41c46-c-cinema-c.png
1050,0,Canal + Africa,|C+ AF| C+ CINEMA O,|C+ AF| C+ CINEMA O,,https://cms123456.com/assets/uploads/files/85acd-c-cinema-c.png
1059,0,Canal + Africa,|C+ AF| C+ DOCS,|C+ AF| C+ DOCS,,https://cms123456.com/assets/uploads/files/6d8fc-c-pop-c.jpg
1053,0,Canal + Africa,|C+ AF| C+ ELLES C,|C+ AF| C+ ELLES C,CNLPFAM,https://cms123456.com/assets/uploads/files/af971-elles-c.jpeg
1054,0,Canal + Africa,|C+ AF| C+ ELLES O,|C+ AF| C+ ELLES O,,https://cms123456.com/assets/uploads/files/ec1e9-elles-c.jpeg
1057,0,Canal + Africa,|C+ AF| C+ FAMILY C,|C+ AF| C+ FAMILY C,,https://cms123456.com/assets/uploads/files/bc97c-family-c.jpg
1058,0,Canal + Africa,|C+ AF| C+ FAMILY O,|C+ AF| C+ FAMILY O,,https://cms123456.com/assets/uploads/files/8ea01-family-c.jpg
1055,0,Canal + Africa,|C+ AF| C+ POP C,|C+ AF| C+ POP C,,https://cms123456.com/assets/uploads/files/77703-c-pop-c.jpg
1056,0,Canal + Africa,|C+ AF| C+ POP O,|C+ AF| C+ POP O,CANALPL,https://cms123456.com/assets/uploads/files/7dcdc-c-pop-c.jpg
1047,0,Canal + Africa,|C+ AF| C+ PREMIERE C,|C+ AF| C+ PREMIERE C,,https://cms123456.com/assets/uploads/files/cceb1-c-premiere-c.png
1048,0,Canal + Africa,|C+ AF| C+ PREMIERE O,|C+ AF| C+ PREMIERE O,,https://cms123456.com/assets/uploads/files/45340-c-premiere-c.png
1075,0,Canal + Africa,|C+ AF| CANAL 2 MOVIES,|C+ AF| CANAL 2 MOVIES,,https://cms123456.com/assets/uploads/files/7fd47-canal-2-movies.jpeg
1096,0,Canal + Africa,|C+ AF| CANAL 3 BENIN,|C+ AF| CANAL 3 BENIN,,https://cms123456.com/assets/uploads/files/28c28-canal-3-benin.jpg
1102,0,Canal + Africa,|C+ AF| CANAL 3 BURKINA,|C+ AF| CANAL 3 BURKINA,,https://cms123456.com/assets/uploads/files/27f47-canal-3-burkina.jpeg
1176,0,Canal + Africa,|C+ AF| CANAL EVENEMENT AFRIQUE,|C+ AF| CANAL EVENEMENT AFRIQUE,,https://cms123456.com/assets/uploads/files/d21b6-canal-evenement-afrique.jpeg
1203,0,Canal + Africa,|C+ AF| CDIRECT,|C+ AF| CDIRECT,,https://cms123456.com/assets/uploads/files/2f633-cdirect.jpeg
1122,0,Canal + Africa,|C+ AF| CHERIFLA TV,|C+ AF| CHERIFLA TV,,https://cms123456.com/assets/uploads/files/8772d-cherifla-tv.jpeg
1112,0,Canal + Africa,|C+ AF| CIS TV,|C+ AF| CIS TV,,https://cms123456.com/assets/uploads/files/bf851-cis-tv.png
1151,0,Canal + Africa,|C+ AF| CNBC AFRICA,|C+ AF| CNBC AFRICA,,https://cms123456.com/assets/uploads/files/8c7e9-cnbc-africa.png
1081,0,Canal + Africa,|C+ AF| CRTV,|C+ AF| CRTV,,https://cms123456.com/assets/uploads/files/41161-crtv.jpeg
1078,0,Canal + Africa,|C+ AF| CRTV NEWS,|C+ AF| CRTV NEWS,,https://cms123456.com/assets/uploads/files/f0012-crtv.jpeg
1183,0,Canal + Africa,|C+ AF| CUISINES,|C+ AF| CUISINES,,https://cms123456.com/assets/uploads/files/85467-cuisines.png
1100,0,Canal + Africa,|C+ AF| CVK,|C+ AF| CVK,,https://cms123456.com/assets/uploads/files/aee1e-cvk.jpeg
1061,0,Canal + Africa,|C+ AF| Canal 2 international,|C+ AF| Canal 2 international,,https://cms123456.com/assets/uploads/files/9f403-canal-2-inter.jpeg
1196,0,Canal + Africa,|C+ AF| DIGITAL CONGO,|C+ AF| DIGITAL CONGO,,https://cms123456.com/assets/uploads/files/60435-digital-congo.jpeg
1110,0,Canal + Africa,|C+ AF| DJOMA TV,|C+ AF| DJOMA TV,,https://cms123456.com/assets/uploads/files/4c3bc-djoma.png
1089,0,Canal + Africa,|C+ AF| DOUNIA,|C+ AF| DOUNIA,,https://cms123456.com/assets/uploads/files/84fad-dounia.jpeg
1205,0,Canal + Africa,|C+ AF| DRTV,|C+ AF| DRTV,,https://cms123456.com/assets/uploads/files/717aa-drtv.jpeg
1093,0,Canal + Africa,|C+ AF| E-TELE,|C+ AF| E-TELE,,https://cms123456.com/assets/uploads/files/40e4e-eb549-81e6c-icon-esiptv-bein-hd.png
1145,0,Canal + Africa,|C+ AF| ECCLESIA TV,|C+ AF| ECCLESIA TV,,https://cms123456.com/assets/uploads/files/8f476-ecclesia-tv.jpeg
1084,0,Canal + Africa,|C+ AF| ELECTRON TV,|C+ AF| ELECTRON TV,,https://cms123456.com/assets/uploads/files/91714-electron.png
1142,0,Canal + Africa,|C+ AF| EMCI,|C+ AF| EMCI,,https://cms123456.com/assets/uploads/files/03a49-emci.jpeg
1156,0,Canal + Africa,|C+ AF| ENGLISH CLUB TV,|C+ AF| ENGLISH CLUB TV,,https://cms123456.com/assets/uploads/files/636b0-english-club-tv.jpeg
1079,0,Canal + Africa,|C+ AF| EQUINOXE TV,|C+ AF| EQUINOXE TV,,https://cms123456.com/assets/uploads/files/8c0a4-equinoxe-tv.jpeg
1111,0,Canal + Africa,|C+ AF| ESPACE TV,|C+ AF| ESPACE TV,,https://cms123456.com/assets/uploads/files/aeb77-espace-tv.jpg
1113,0,Canal + Africa,|C+ AF| EVASION TV,|C+ AF| EVASION TV,,https://cms123456.com/assets/uploads/files/9d6e4-evasion-tv.jpeg
1087,0,Canal + Africa,|C+ AF| FARIN WATA,|C+ AF| FARIN WATA,,https://cms123456.com/assets/uploads/files/367e9-farin-wata.jpg
1063,0,Canal + Africa,|C+ AF| FASHION AFRICA TV,|C+ AF| FASHION AFRICA TV,,https://cms123456.com/assets/uploads/files/15e18-fashion-africa-tv.jpeg
1215,0,Canal + Africa,|C+ AF| FLASH TV,|C+ AF| FLASH TV,,https://cms123456.com/assets/uploads/files/a920d-fls.png
1153,0,Canal + Africa,|C+ AF| FRANCE 24,|C+ AF| FRANCE 24,,https://cms123456.com/assets/uploads/files/9e66c-france-24.png
1152,0,Canal + Africa,|C+ AF| GABON 24,|C+ AF| GABON 24,,https://cms123456.com/assets/uploads/files/eb37a-gabon-24.jpeg
1206,0,Canal + Africa,|C+ AF| GABON CULTURE,|C+ AF| GABON CULTURE,,https://cms123456.com/assets/uploads/files/576bd-gabon-culture.jpeg
1073,0,Canal + Africa,|C+ AF| GENESIS TV,|C+ AF| GENESIS TV,,https://cms123456.com/assets/uploads/files/567e6-genesis-tv.jpg
1095,0,Canal + Africa,|C+ AF| GOLFE TV,|C+ AF| GOLFE TV,,https://cms123456.com/assets/uploads/files/773f0-golfe-tv.jpeg
1179,0,Canal + Africa,|C+ AF| GULLI AFRICA,|C+ AF| GULLI AFRICA,,https://cms123456.com/assets/uploads/files/1f724-gulli-africa.png
1069,0,Canal + Africa,|C+ AF| Gabon TV,|C+ AF| Gabon TV,,https://cms123456.com/assets/uploads/files/45a08-gabon-tv.jpeg
1143,0,Canal + Africa,|C+ AF| IQRAA,|C+ AF| IQRAA,,https://cms123456.com/assets/uploads/files/1d8a3-iqraa.jpeg
1214,0,Canal + Africa,|C+ AF| ISANGO STAR TV,|C+ AF| ISANGO STAR TV,,https://cms123456.com/assets/uploads/files/b2291-isango-star.jpg
1129,0,Canal + Africa,|C+ AF| ITV,|C+ AF| ITV,,https://cms123456.com/assets/uploads/files/78f89-itv.png
1135,0,Canal + Africa,|C+ AF| IVOIRE TV Music,|C+ AF| IVOIRE TV Music,,https://cms123456.com/assets/uploads/files/e0553-ivoire-tv-music.jpeg
1117,0,Canal + Africa,|C+ AF| JOLIBA,|C+ AF| JOLIBA,,https://cms123456.com/assets/uploads/files/21e55-joliba.jpeg
1109,0,Canal + Africa,|C+ AF| KALAC TV,|C+ AF| KALAC TV,,https://cms123456.com/assets/uploads/files/b5ebc-kalac-tv.jpg
1191,0,Canal + Africa,|C+ AF| KC2,|C+ AF| KC2,,https://cms123456.com/assets/uploads/files/f3f03-kc2.jpeg
1144,0,Canal + Africa,|C+ AF| KTO,|C+ AF| KTO,,https://cms123456.com/assets/uploads/files/551e9-kto.jpeg
1138,0,Canal + Africa,|C+ AF| LA 3,|C+ AF| LA 3,,https://cms123456.com/assets/uploads/files/72b47-la-3.jpg
1128,0,Canal + Africa,|C+ AF| LAMP FALL TV,|C+ AF| LAMP FALL TV,,https://cms123456.com/assets/uploads/files/062f1-lamp-fall-tv.jpg
1103,0,Canal + Africa,|C+ AF| LCA,|C+ AF| LCA,,https://cms123456.com/assets/uploads/files/bf52d-lca.jpg
1108,0,Canal + Africa,|C+ AF| LEDJELY TV,|C+ AF| LEDJELY TV,,https://cms123456.com/assets/uploads/files/61b2d-ledjely-tv.jpeg
1137,0,Canal + Africa,|C+ AF| LIFE TV,|C+ AF| LIFE TV,,https://cms123456.com/assets/uploads/files/8e743-life-tv.png
1092,0,Canal + Africa,|C+ AF| LIPTAKO TV,|C+ AF| LIPTAKO TV,,https://cms123456.com/assets/uploads/files/093c7-liptako-tv.jpeg
1141,0,Canal + Africa,|C+ AF| LMTV,|C+ AF| LMTV,,https://cms123456.com/assets/uploads/files/098a8-lmtv.jpg
1077,0,Canal + Africa,|C+ AF| LTM,|C+ AF| LTM,,https://cms123456.com/assets/uploads/files/be0d6-eb549-81e6c-icon-esiptv-bein-hd.png
1178,0,Canal + Africa,|C+ AF| LUDIKIDS,|C+ AF| LUDIKIDS,,https://cms123456.com/assets/uploads/files/7122b-ludikids.jpeg
1201,0,Canal + Africa,|C+ AF| LUX TV,|C+ AF| LUX TV,,https://cms123456.com/assets/uploads/files/25944-lux-tv.jpg
1060,0,Canal + Africa,|C+ AF| M6 INTERNATIONAL,|C+ AF| M6 INTERNATIONAL,,https://cms123456.com/assets/uploads/files/2e12b-m6-international.png
1188,0,Canal + Africa,|C+ AF| MABOKE TV,|C+ AF| MABOKE TV,,https://cms123456.com/assets/uploads/files/5b822-maboke-tv.png
1118,0,Canal + Africa,|C+ AF| MANDE TV,|C+ AF| MANDE TV,,https://cms123456.com/assets/uploads/files/6c7d8-mande-tv.png
1200,0,Canal + Africa,|C+ AF| MCR TV,|C+ AF| MCR TV,,https://cms123456.com/assets/uploads/files/9fad0-mcr-tv.jpeg
1076,0,Canal + Africa,|C+ AF| MEDIA PRIME,|C+ AF| MEDIA PRIME,,https://cms123456.com/assets/uploads/files/bd615-eb549-81e6c-icon-esiptv-bein-hd.png
1157,0,Canal + Africa,|C+ AF| MELODY D'AFRIQUE,|C+ AF| MELODY D'AFRIQUE,,https://cms123456.com/assets/uploads/files/797b3-melody-d-afrique.png
1158,0,Canal + Africa,|C+ AF| MEZZO,|C+ AF| MEZZO,,https://cms123456.com/assets/uploads/files/e4539-mezzo.png
1175,0,Canal + Africa,|C+ AF| MGG TV,|C+ AF| MGG TV,,https://cms123456.com/assets/uploads/files/8dfc2-mgg-tv.png
1213,0,Canal + Africa,|C+ AF| MIKUBA TV,|C+ AF| MIKUBA TV,,https://cms123456.com/assets/uploads/files/3d01d-mikuba.png
1211,0,Canal + Africa,|C+ AF| MISHAPI,|C+ AF| MISHAPI,,https://cms123456.com/assets/uploads/files/abce5-mishapi.jpeg
1212,0,Canal + Africa,|C+ AF| MOLIERE TV,|C+ AF| MOLIERE TV,,https://cms123456.com/assets/uploads/files/a885e-moliere-tv.jpg
1170,0,Canal + Africa,|C+ AF| MTV HITS,|C+ AF| MTV HITS,,https://cms123456.com/assets/uploads/files/de5a3-mtv-hits.jpeg
1181,0,Canal + Africa,|C+ AF| NATHAN TV,|C+ AF| NATHAN TV,,https://cms123456.com/assets/uploads/files/8504a-nathan-tv.jpeg
1172,0,Canal + Africa,|C+ AF| NBA TV,|C+ AF| NBA TV,,https://cms123456.com/assets/uploads/files/c0ecb-nba-tv.jpeg
1202,0,Canal + Africa,|C+ AF| NCi,|C+ AF| NCi,,https://cms123456.com/assets/uploads/files/39438-nci.jpeg
1147,0,Canal + Africa,|C+ AF| NHK WORLD TV,|C+ AF| NHK WORLD TV,,https://cms123456.com/assets/uploads/files/5ec97-nhk-world-tv.jpg
1116,0,Canal + Africa,|C+ AF| NIETA TV,|C+ AF| NIETA TV,,https://cms123456.com/assets/uploads/files/91496-nieta-tv.png
1071,0,Canal + Africa,|C+ AF| NOLLYWOOD EPIC,|C+ AF| NOLLYWOOD EPIC,,https://cms123456.com/assets/uploads/files/89965-nollywood-epic.jpeg
1070,0,Canal + Africa,|C+ AF| NOLLYWOOD TV,|C+ AF| NOLLYWOOD TV,,https://cms123456.com/assets/uploads/files/71c07-nollywood-tv.png
1064,0,Canal + Africa,|C+ AF| NOVELAS TV,|C+ AF| NOVELAS TV,,https://cms123456.com/assets/uploads/files/5ceac-novelas-tv.png
1209,0,Canal + Africa,|C+ AF| NYOTA,|C+ AF| NYOTA,,https://cms123456.com/assets/uploads/files/41c4e-nyota.jpg
1101,0,Canal + Africa,|C+ AF| OMEGA TV,|C+ AF| OMEGA TV,,https://cms123456.com/assets/uploads/files/04102-omega-tv.jpg
1123,0,Canal + Africa,|C+ AF| ORTB,|C+ AF| ORTB,,https://cms123456.com/assets/uploads/files/2595f-ortb.png
1125,0,Canal + Africa,|C+ AF| ORTM1,|C+ AF| ORTM1,,https://cms123456.com/assets/uploads/files/0cd97-ortm1.png
1124,0,Canal + Africa,|C+ AF| ORTM2,|C+ AF| ORTM2,,https://cms123456.com/assets/uploads/files/2e108-ortm2.jpeg
1218,0,Canal + Africa,|C+ AF| PSTV,|C+ AF| PSTV,,https://cms123456.com/assets/uploads/files/ee8ba-pstv-hd-cd.png
1150,0,Canal + Africa,|C+ AF| RAI,|C+ AF| RAI,,https://cms123456.com/assets/uploads/files/d3896-r.png
1210,0,Canal + Africa,|C+ AF| RATELKI,|C+ AF| RATELKI,,https://cms123456.com/assets/uploads/files/cf54c-ratelki.jpg
1120,0,Canal + Africa,|C+ AF| RENOUVEAU TV,|C+ AF| RENOUVEAU TV,,https://cms123456.com/assets/uploads/files/59041-renouveau-tv.jpg
1114,0,Canal + Africa,|C+ AF| RTB,|C+ AF| RTB,,https://cms123456.com/assets/uploads/files/57f79-rtb.jpeg
1082,0,Canal + Africa,|C+ AF| RTD,|C+ AF| RTD,,https://cms123456.com/assets/uploads/files/e1064-rtd.jpeg
1099,0,Canal + Africa,|C+ AF| RTDS,|C+ AF| RTDS,,https://cms123456.com/assets/uploads/files/67963-rtd.jpeg
1115,0,Canal + Africa,|C+ AF| RTG,|C+ AF| RTG,,https://cms123456.com/assets/uploads/files/8c599-rtg.jpeg
1140,0,Canal + Africa,|C+ AF| RTI TV,|C+ AF| RTI TV,,https://cms123456.com/assets/uploads/files/ebd69-rti-tv.png
1139,0,Canal + Africa,|C+ AF| RTI2,|C+ AF| RTI2,,https://cms123456.com/assets/uploads/files/684c0-rti2.jpeg
1193,0,Canal + Africa,|C+ AF| RTNB,|C+ AF| RTNB,,https://cms123456.com/assets/uploads/files/94c04-rtnb.jpeg
1199,0,Canal + Africa,|C+ AF| RTNC,|C+ AF| RTNC,,https://cms123456.com/assets/uploads/files/61a6d-rtnc.jpg
1134,0,Canal + Africa,|C+ AF| RTS,|C+ AF| RTS,,https://cms123456.com/assets/uploads/files/32f53-rts.jpeg
1130,0,Canal + Africa,|C+ AF| RTS 2,|C+ AF| RTS 2,,https://cms123456.com/assets/uploads/files/cbfca-rts-2.jpeg
1083,0,Canal + Africa,|C+ AF| SAHARA TV,|C+ AF| SAHARA TV,,https://cms123456.com/assets/uploads/files/58d9f-sahara.jpeg
1091,0,Canal + Africa,|C+ AF| SARAOUNIA TV,|C+ AF| SARAOUNIA TV,,https://cms123456.com/assets/uploads/files/5be72-saraounia-tv.jpeg
1104,0,Canal + Africa,|C+ AF| SAVANE TV,|C+ AF| SAVANE TV,,https://cms123456.com/assets/uploads/files/d0e94-savane.jpg
1131,0,Canal + Africa,|C+ AF| SEN TV,|C+ AF| SEN TV,,https://cms123456.com/assets/uploads/files/61db4-sen-tv.jpg
1097,0,Canal + Africa,|C+ AF| SOS DOCTEUR TV,|C+ AF| SOS DOCTEUR TV,,https://cms123456.com/assets/uploads/files/128bf-sos-docteur-tv.jpg
1080,0,Canal + Africa,|C+ AF| STV,|C+ AF| STV,,https://cms123456.com/assets/uploads/files/436ab-stv.jpg
1184,0,Canal + Africa,|C+ AF| SUD 1ERE,|C+ AF| SUD 1ERE,,https://cms123456.com/assets/uploads/files/3d9d2-sud-1ere.jpg
1189,0,Canal + Africa,|C+ AF| SUNU YEUF,|C+ AF| SUNU YEUF,,https://cms123456.com/assets/uploads/files/3b9ed-sunu-yeuf.png
1085,0,Canal + Africa,|C+ AF| TAMBARIN HAUSA TV,|C+ AF| TAMBARIN HAUSA TV,,https://cms123456.com/assets/uploads/files/ae074-tambarin-hausa-tv.jpeg
1194,0,Canal + Africa,|C+ AF| TELE 50,|C+ AF| TELE 50,,https://cms123456.com/assets/uploads/files/bad7d-tele-50.png
1207,0,Canal + Africa,|C+ AF| TELE AFRICA,|C+ AF| TELE AFRICA,,https://cms123456.com/assets/uploads/files/8b654-tele-africa.png
1090,0,Canal + Africa,|C+ AF| TELE SAHEL,|C+ AF| TELE SAHEL,,https://cms123456.com/assets/uploads/files/91836-tele-sahel.jpeg
1132,0,Canal + Africa,|C+ AF| TFM,|C+ AF| TFM,,https://cms123456.com/assets/uploads/files/1be59-tfm.jpeg
1208,0,Canal + Africa,|C+ AF| TGB,|C+ AF| TGB,,https://cms123456.com/assets/uploads/files/32fc3-tgb.jpg
1180,0,Canal + Africa,|C+ AF| TIVI5 MONDE,|C+ AF| TIVI5 MONDE,,https://cms123456.com/assets/uploads/files/2ab87-tivi5-monde.jpeg
1121,0,Canal + Africa,|C+ AF| TM1,|C+ AF| TM1,,https://cms123456.com/assets/uploads/files/e0b6d-tm1.jpeg
1086,0,Canal + Africa,|C+ AF| TOZALI TV,|C+ AF| TOZALI TV,,https://cms123456.com/assets/uploads/files/5e904-tozali-tv.png
1169,0,Canal + Africa,|C+ AF| TRACE AFRICA AFRIQUE,|C+ AF| TRACE AFRICA AFRIQUE,,https://cms123456.com/assets/uploads/files/dafea-trace-africa-afrique.jpeg
1164,0,Canal + Africa,|C+ AF| TRACE GOSPEL,|C+ AF| TRACE GOSPEL,,https://cms123456.com/assets/uploads/files/bf4d3-trace-gospel.jpeg
1167,0,Canal + Africa,|C+ AF| TRACE KITOKO,|C+ AF| TRACE KITOKO,,https://cms123456.com/assets/uploads/files/77ac9-trace-kitoko.jpeg
1168,0,Canal + Africa,|C+ AF| TRACE MBOA,|C+ AF| TRACE MBOA,,https://cms123456.com/assets/uploads/files/2bca1-trace-mboa.png
1163,0,Canal + Africa,|C+ AF| TRACE MZIKI,|C+ AF| TRACE MZIKI,,https://cms123456.com/assets/uploads/files/5937e-trace-mziki.jpeg
1165,0,Canal + Africa,|C+ AF| TRACE NAIJA,|C+ AF| TRACE NAIJA,,https://cms123456.com/assets/uploads/files/89c90-trace-naija.jpeg
1162,0,Canal + Africa,|C+ AF| TRACE URBAN,|C+ AF| TRACE URBAN,,https://cms123456.com/assets/uploads/files/65633-trace-urban.jpeg
1155,0,Canal + Africa,|C+ AF| TRAVELXP,|C+ AF| TRAVELXP,,https://cms123456.com/assets/uploads/files/0f8cc-travelxp.png
1126,0,Canal + Africa,|C+ AF| TV MAURITANIE,|C+ AF| TV MAURITANIE,,https://cms123456.com/assets/uploads/files/7697a-tv-mauritanie.jpeg
1186,0,Canal + Africa,|C+ AF| TV Tchad TD,|C+ AF| TV Tchad TD,,https://cms123456.com/assets/uploads/files/9146a-tv-tchad-td.jpeg
1217,0,Canal + Africa,|C+ AF| TV1,|C+ AF| TV1,,https://cms123456.com/assets/uploads/files/e70bb-tv1.jpg
1192,0,Canal + Africa,|C+ AF| TV10,|C+ AF| TV10,,https://cms123456.com/assets/uploads/files/3597d-tv10.jpeg
1098,0,Canal + Africa,|C+ AF| TV7,|C+ AF| TV7,,https://cms123456.com/assets/uploads/files/b1d0b-tv7.jpeg
1094,0,Canal + Africa,|C+ AF| TVC,|C+ AF| TVC,,https://cms123456.com/assets/uploads/files/0251b-tvc.png
1074,0,Canal + Africa,|C+ AF| TVGE,|C+ AF| TVGE,,https://cms123456.com/assets/uploads/files/13cc9-tvge.png
1195,0,Canal + Africa,|C+ AF| Tele Congo,|C+ AF| Tele Congo,,https://cms123456.com/assets/uploads/files/0bfe8-tele-congo.png
1161,0,Canal + Africa,|C+ AF| Trace Caribbean,|C+ AF| Trace Caribbean,,https://cms123456.com/assets/uploads/files/28969-trace-caribbean.jpeg
1160,0,Canal + Africa,|C+ AF| Trace Latina,|C+ AF| Trace Latina,,https://cms123456.com/assets/uploads/files/8844f-trace-latina.jpeg
1159,0,Canal + Africa,|C+ AF| Trace Sport Stars,|C+ AF| Trace Sport Stars,,https://cms123456.com/assets/uploads/files/438df-trace-sport-stars.jpeg
1166,0,Canal + Africa,|C+ AF| Trace TOCA,|C+ AF| Trace TOCA,,https://cms123456.com/assets/uploads/files/36d9f-trace-toca.jpeg
1068,0,Canal + Africa,|C+ AF| VOIR+,|C+ AF| VOIR+,,https://cms123456.com/assets/uploads/files/37867-voir-.png
1187,0,Canal + Africa,|C+ AF| VOX AFRICA,|C+ AF| VOX AFRICA,,https://cms123456.com/assets/uploads/files/89e3a-vox-africa.jpeg
1204,0,Canal + Africa,|C+ AF| VOX TV,|C+ AF| VOX TV,,https://cms123456.com/assets/uploads/files/3fa2b-vox-tv.png
1174,0,Canal + Africa,|C+ AF| WATAAA,|C+ AF| WATAAA,,https://cms123456.com/assets/uploads/files/55af7-wataaa.png
1182,0,Canal + Africa,|C+ AF| ZEE MAGIC,|C+ AF| ZEE MAGIC,,https://cms123456.com/assets/uploads/files/da43d-zee-magic.jpeg
1220,0,French Sports,CANAL+FOOT,FR-SP:Canal+ Foot v2,!$!66F1AC9F-76BD-40AD-AA7D-6299B0BA0A8E!$!FR:CanalPlusFoot.fr,https://upload.wikimedia.org/wikipedia/commons/e/eb/Canal%2BFoot.png
1390,0,French Sports,Dazn betclic Elite 1,Dazn betclic Elite 1,,
1381,0,French Sports,Dazn betclic Elite 10,Dazn betclic Elite 10,,
1389,0,French Sports,Dazn betclic Elite 2,Dazn betclic Elite 2,,
1388,0,French Sports,Dazn betclic Elite 3,Dazn betclic Elite 3,,
1387,0,French Sports,Dazn betclic Elite 4,Dazn betclic Elite 4,,
1386,0,French Sports,Dazn betclic Elite 5,Dazn betclic Elite 5,,
1385,0,French Sports,Dazn betclic Elite 6,Dazn betclic Elite 6,,
1384,0,French Sports,Dazn betclic Elite 7,Dazn betclic Elite 7,,
1383,0,French Sports,Dazn betclic Elite 8,Dazn betclic Elite 8,,
1382,0,French Sports,Dazn betclic Elite 9,Dazn betclic Elite 9,,
1235,0,French Sports,FR- Canal+live 1,FR- Canal+live 1,,https://cms123456.com/assets/uploads/files/869df-0a039-canal-.png
1244,0,French Sports,FR- Canal+live 10,FR- Canal+live 10,,
1245,0,French Sports,FR- Canal+live 11,FR- Canal+live 11,,https://cms123456.com/assets/uploads/files/869df-0a039-canal-.png
1246,0,French Sports,FR- Canal+live 12,FR- Canal+live 12,,https://cms123456.com/assets/uploads/files/869df-0a039-canal-.png
1247,0,French Sports,FR- Canal+live 13,FR- Canal+live 13,,https://cms123456.com/assets/uploads/files/869df-0a039-canal-.png
1248,0,French Sports,FR- Canal+live 14,FR- Canal+live 14,,https://cms123456.com/assets/uploads/files/869df-0a039-canal-.png
1249,0,French Sports,FR- Canal+live 15,FR- Canal+live 15,,https://cms123456.com/assets/uploads/files/869df-0a039-canal-.png
1250,0,French Sports,FR- Canal+live 16,FR- Canal+live 16,,https://cms123456.com/assets/uploads/files/869df-0a039-canal-.png
1251,0,French Sports,FR- Canal+live 17,FR- Canal+live 17,,https://cms123456.com/assets/uploads/files/869df-0a039-canal-.png
1252,0,French Sports,FR- Canal+live 18,FR- Canal+live 18,,https://cms123456.com/assets/uploads/files/869df-0a039-canal-.png
1253,0,French Sports,FR- Canal+live 19,FR- Canal+live 19,,https://cms123456.com/assets/uploads/files/869df-0a039-canal-.png
1236,0,French Sports,FR- Canal+live 2,FR- Canal+live 2,,https://cms123456.com/assets/uploads/files/869df-0a039-canal-.png
1237,0,French Sports,FR- Canal+live 3,FR- Canal+live 3,,https://cms123456.com/assets/uploads/files/869df-0a039-canal-.png
1238,0,French Sports,FR- Canal+live 4,FR- Canal+live 4,,https://cms123456.com/assets/uploads/files/869df-0a039-canal-.png
1239,0,French Sports,FR- Canal+live 5,FR- Canal+live 5,,https://cms123456.com/assets/uploads/files/869df-0a039-canal-.png
1240,0,French Sports,FR- Canal+live 6,FR- Canal+live 6,,https://cms123456.com/assets/uploads/files/869df-0a039-canal-.png
1241,0,French Sports,FR- Canal+live 7,FR- Canal+live 7,,https://cms123456.com/assets/uploads/files/869df-0a039-canal-.png
1242,0,French Sports,FR- Canal+live 8,FR- Canal+live 8,,https://cms123456.com/assets/uploads/files/869df-0a039-canal-.png
1243,0,French Sports,FR- Canal+live 9,FR- Canal+live 9,,
1280,0,French Sports,FR-DAZN 2,FR-DAZN 2,,
1281,0,French Sports,FR-Dazn 3,FR-Dazn 3,,
1312,0,French Sports,FR-SP:AutoMoto,FR-SP:AutoMoto,Automoto.fr,https://cms123456.com/assets/uploads/files/46fce-logo_automoto_2018.jpg
1254,0,French Sports,FR-SP:Bein-Sports-1FR,FR-SP:Bein-Sports-1FR,,https://cms123456.com/assets/uploads/files/415a6-unnamed.jpg
1255,0,French Sports,FR-SP:Bein-Sports-1FR V2,FR-SP:Bein-Sports-1FR V2,beINSport1.fr,https://cms123456.com/assets/uploads/files/95342-415a6-unnamed.jpg
1256,0,French Sports,FR-SP:Bein-Sports-2FR,FR-SP:Bein-Sports-2FR,beINSport2.fr,https://cms123456.com/assets/uploads/files/415a6-unnamed.jpg
1257,0,French Sports,FR-SP:Bein-Sports-3FR,FR-SP:Bein-Sports-3FR,beINSport3.fr,https://cms123456.com/assets/uploads/files/415a6-unnamed.jpg
1264,0,French Sports,FR-SP:Bein-Sports-max-10,FR-SP:Bein-Sports-max-10,BeInSportMax10.fr,https://cms123456.com/assets/uploads/files/3067c-415a6-unnamed.jpg
1258,0,French Sports,FR-SP:Bein-Sports-max-4,FR-SP:Bein-Sports-max-4,BeInSportMax4.fr,https://cms123456.com/assets/uploads/files/415a6-unnamed.jpg
1259,0,French Sports,FR-SP:Bein-Sports-max-5,FR-SP:Bein-Sports-max-5,BeInSportMax5.fr,https://cms123456.com/assets/uploads/files/415a6-unnamed.jpg
1260,0,French Sports,FR-SP:Bein-Sports-max-6,FR-SP:Bein-Sports-max-6,BeInSportMax6.fr,https://cms123456.com/assets/uploads/files/415a6-unnamed.jpg
1261,0,French Sports,FR-SP:Bein-Sports-max-7,FR-SP:Bein-Sports-max-7,BeInSportMax7.fr,https://cms123456.com/assets/uploads/files/415a6-unnamed.jpg
1262,0,French Sports,FR-SP:Bein-Sports-max-8,FR-SP:Bein-Sports-max-8,BeInSportMax8.fr,https://cms123456.com/assets/uploads/files/415a6-unnamed.jpg
1263,0,French Sports,FR-SP:Bein-Sports-max-9,FR-SP:Bein-Sports-max-9,BeInSportMax9.fr,https://cms123456.com/assets/uploads/files/415a6-unnamed.jpg
1234,0,French Sports,FR-SP:CANAL+ premier league,FR-SP:CANAL+ premier league,,https://cms123456.com/assets/uploads/files/2a127-canal-plus-logo-vignette.jpg
1219,0,French Sports,FR-SP:Canal+ Foot,FR-SP:Canal+ Foot,,https://cms123456.com/assets/uploads/files/8d939-telechargement.png
1229,0,French Sports,FR-SP:Canal+ SPORTS FHD 1,FR-SP:Canal+ SPORTS FHD 1,,https://cms123456.com/assets/uploads/files/a6840-280_medium.png
1230,0,French Sports,FR-SP:Canal+ SPORTS FHD 2,FR-SP:Canal+ SPORTS FHD 2,,https://cms123456.com/assets/uploads/files/a6840-280_medium.png
1231,0,French Sports,FR-SP:Canal+ SPORTS FHD 3,FR-SP:Canal+ SPORTS FHD 3,,https://cms123456.com/assets/uploads/files/a6840-280_medium.png
1232,0,French Sports,FR-SP:Canal+ SPORTS FHD 4,FR-SP:Canal+ SPORTS FHD 4,,https://cms123456.com/assets/uploads/files/a6840-280_medium.png
1233,0,French Sports,FR-SP:Canal+ SPORTS FHD 5,FR-SP:Canal+ SPORTS FHD 5,,https://cms123456.com/assets/uploads/files/a6840-280_medium.png
1224,0,French Sports,FR-SP:Canal+ Sport 1,FR-SP:Canal+ Sport 1,,https://cms123456.com/assets/uploads/files/a6840-280_medium.png
1225,0,French Sports,FR-SP:Canal+ Sport 2,FR-SP:Canal+ Sport 2,,https://cms123456.com/assets/uploads/files/a6840-280_medium.png
1226,0,French Sports,FR-SP:Canal+ Sport 3,FR-SP:Canal+ Sport 3,,https://cms123456.com/assets/uploads/files/a6840-280_medium.png
1221,0,French Sports,FR-SP:Canal+ Sport 360,FR-SP:Canal+ Sport 360,,https://cms123456.com/assets/uploads/files/a391b-canal-sport_360.png
1222,0,French Sports,FR-SP:Canal+ Sport 360 v2,FR-SP:Canal+ Sport 360 v2,,https://cms123456.com/assets/uploads/files/1083a-a391b-canal-sport_360.png
1227,0,French Sports,FR-SP:Canal+ Sport 4,FR-SP:Canal+ Sport 4,,https://cms123456.com/assets/uploads/files/a6840-280_medium.png
1228,0,French Sports,FR-SP:Canal+ Sport 5,FR-SP:Canal+ Sport 5,,https://cms123456.com/assets/uploads/files/a6840-280_medium.png
1223,0,French Sports,FR-SP:Canal+Sport,FR-SP:Canal+Sport,CANALplusSPORT.fr,https://cms123456.com/assets/uploads/files/2a127-canal-plus-logo-vignette.jpg
1287,0,French Sports,FR-SP:Dazn 1,FR-SP:Dazn 1,,https://cms123456.com/assets/uploads/files/2bf1d-img_1840.jpeg
1332,0,French Sports,FR-SP:EQUIDIA,FR-SP:EQUIDIA,EquidiaLive.fr,https://cms123456.com/assets/uploads/files/1a339-equidia.png
1316,0,French Sports,FR-SP:ES1,FR-SP:ES1,,https://cms123456.com/assets/uploads/files/5baf0-unnamed-10-.jpg
1318,0,French Sports,FR-SP:EUROSPORT 1,FR-SP:EUROSPORT 1,Eurosport1.fr,https://cms123456.com/assets/uploads/files/37b5f-236176-24642541-2560-1440.jpg
1319,0,French Sports,FR-SP:EUROSPORT 2,FR-SP:EUROSPORT 2,Eurosport2.fr,https://cms123456.com/assets/uploads/files/37b5f-236176-24642541-2560-1440.jpg
1320,0,French Sports,FR-SP:EUROSPORT 3,FR-SP:EUROSPORT 3,,
1327,0,French Sports,FR-SP:EUROSPORT 360°,FR-SP:EUROSPORT 360°,,
1321,0,French Sports,FR-SP:EUROSPORT 4,FR-SP:EUROSPORT 4,,
1322,0,French Sports,FR-SP:EUROSPORT 5,FR-SP:EUROSPORT 5,,
1323,0,French Sports,FR-SP:EUROSPORT 6,FR-SP:EUROSPORT 6,,
1324,0,French Sports,FR-SP:EUROSPORT 7 ,FR-SP:EUROSPORT 7 ,,
1325,0,French Sports,FR-SP:EUROSPORT 8,FR-SP:EUROSPORT 8,,
1326,0,French Sports,FR-SP:EUROSPORT 9 ,FR-SP:EUROSPORT 9 ,,
1342,0,French Sports,FR-SP:Equidia RacingGalop,FR-SP:Equidia RacingGalop,,https://cms123456.com/assets/uploads/files/4680d-equidiaracinggalop.png
1343,0,French Sports,FR-SP:Equidia RacingMag,FR-SP:Equidia RacingMag,,https://cms123456.com/assets/uploads/files/b9695-equidiaracingmag.png
1341,0,French Sports,FR-SP:Equidia RacingTrot,FR-SP:Equidia RacingTrot,,https://cms123456.com/assets/uploads/files/1f1fc-equidiaracingtrot.png
1333,0,French Sports,FR-SP:Equidia Racnig 1,FR-SP:Equidia Racnig 1,,https://cms123456.com/assets/uploads/files/d9544-equidiar1.png
1334,0,French Sports,FR-SP:Equidia Racnig 2,FR-SP:Equidia Racnig 2,,https://cms123456.com/assets/uploads/files/d5a2e-equidiar2.png
1335,0,French Sports,FR-SP:Equidia Racnig 3,FR-SP:Equidia Racnig 3,,https://cms123456.com/assets/uploads/files/94c09-equidiar3.png
1336,0,French Sports,FR-SP:Equidia Racnig 4,FR-SP:Equidia Racnig 4,,https://cms123456.com/assets/uploads/files/cb216-equidiar4.png
1337,0,French Sports,FR-SP:Equidia Racnig 5,FR-SP:Equidia Racnig 5,,https://cms123456.com/assets/uploads/files/da464-equidiar5.png
1338,0,French Sports,FR-SP:Equidia Racnig 6,FR-SP:Equidia Racnig 6,,https://cms123456.com/assets/uploads/files/7702d-equidiar6.png
1339,0,French Sports,FR-SP:Equidia Racnig 7,FR-SP:Equidia Racnig 7,,https://cms123456.com/assets/uploads/files/87b8a-equidiar7.png
1340,0,French Sports,FR-SP:Equidia Racnig 8,FR-SP:Equidia Racnig 8,,https://cms123456.com/assets/uploads/files/ba929-equidiar8.png
1317,0,French Sports,FR-SP:Euronews,FR-SP:Euronews,Euronews.fr,https://cms123456.com/assets/uploads/files/37b5f-236176-24642541-2560-1440.jpg
1308,0,French Sports,FR-SP:Foot+,FR-SP:Foot+,C+FOOT.fr,https://cms123456.com/assets/uploads/files/af4e9-images-1-.png
1310,0,French Sports,FR-SP:Golf Channel,FR-SP:Golf Channel,GolfChannel.fr,https://cms123456.com/assets/uploads/files/1b3c6-unnamed.png
1309,0,French Sports,FR-SP:Golf+,FR-SP:Golf+,GolfPlus.fr,https://cms123456.com/assets/uploads/files/97074-uzhax6b0_400x400.jpg
1311,0,French Sports,FR-SP:INFOSPORT+,FR-SP:INFOSPORT+,Infosport.fr,https://cms123456.com/assets/uploads/files/c2093-telechargement.png
1328,0,French Sports,FR-SP:LEquipe,FR-SP:LEquipe,EquipeTV.fr,https://cms123456.com/assets/uploads/files/685c2-lequipe-050920.jpg
1329,0,French Sports,FR-SP:LEquipe Live 1,FR-SP:LEquipe Live 1,,https://cms123456.com/assets/uploads/files/685c2-lequipe-050920.jpg
1330,0,French Sports,FR-SP:LEquipe Live 2,FR-SP:LEquipe Live 2,,https://cms123456.com/assets/uploads/files/685c2-lequipe-050920.jpg
1331,0,French Sports,FR-SP:LEquipe Live 3,FR-SP:LEquipe Live 3,,https://cms123456.com/assets/uploads/files/685c2-lequipe-050920.jpg
1279,0,French Sports,FR-SP:LEquipe Live 4,FR-SP:LEquipe Live 4,,
1278,0,French Sports,FR-SP:LEquipe Live 5,FR-SP:LEquipe Live 5,,
1277,0,French Sports,FR-SP:LEquipe Live 6,FR-SP:LEquipe Live 6,,
1315,0,French Sports,FR-SP:Nautical Channel,FR-SP:Nautical Channel,Nautical.eu,https://cms123456.com/assets/uploads/files/924f5-unnamed-2-.jpg
1265,0,French Sports,FR-SP:RMC-SPORT1_HD,FR-SP:RMC-SPORT1_HD,RMCSport1.fr,https://cms123456.com/assets/uploads/files/e05b5-rmc-sport-1.jpg
1266,0,French Sports,FR-SP:RMC-SPORT1_HD v2,FR-SP:RMC-SPORT1_HD v2,,https://cms123456.com/assets/uploads/files/04c3c-e05b5-rmc-sport-1.jpg
1267,0,French Sports,FR-SP:RMC-SPORT2_HD,FR-SP:RMC-SPORT2_HD,RMCSport2.fr,https://cms123456.com/assets/uploads/files/e05b5-rmc-sport-1.jpg
1275,0,French Sports,FR-SP:Rmc Sport 10 Live,FR-SP:Rmc Sport 10 Live,,https://cms123456.com/assets/uploads/files/04c3c-e05b5-rmc-sport-1.jpg
1276,0,French Sports,FR-SP:Rmc Sport 11 Live,FR-SP:Rmc Sport 11 Live,,https://cms123456.com/assets/uploads/files/04c3c-e05b5-rmc-sport-1.jpg
1268,0,French Sports,FR-SP:Rmc Sport 3 Live,FR-SP:Rmc Sport 3 Live,,https://cms123456.com/assets/uploads/files/04c3c-e05b5-rmc-sport-1.jpg
1269,0,French Sports,FR-SP:Rmc Sport 4 Live,FR-SP:Rmc Sport 4 Live,,https://cms123456.com/assets/uploads/files/04c3c-e05b5-rmc-sport-1.jpg
1270,0,French Sports,FR-SP:Rmc Sport 5 Live,FR-SP:Rmc Sport 5 Live,,https://cms123456.com/assets/uploads/files/04c3c-e05b5-rmc-sport-1.jpg
1272,0,French Sports,FR-SP:Rmc Sport 7 Live,FR-SP:Rmc Sport 7 Live,,https://cms123456.com/assets/uploads/files/04c3c-e05b5-rmc-sport-1.jpg
1273,0,French Sports,FR-SP:Rmc Sport 8 Live,FR-SP:Rmc Sport 8 Live,,https://cms123456.com/assets/uploads/files/04c3c-e05b5-rmc-sport-1.jpg
1274,0,French Sports,FR-SP:Rmc Sport 9 Live,FR-SP:Rmc Sport 9 Live,,https://cms123456.com/assets/uploads/files/04c3c-e05b5-rmc-sport-1.jpg
1271,0,French Sports,FR-SP:Rmc Sport  6  Live,FR-SP:Rmc Sport  6  Live,,https://cms123456.com/assets/uploads/files/04c3c-e05b5-rmc-sport-1.jpg
1314,0,French Sports,FR-SP:Sport En France,FR-SP:Sport En France,SportEnFrance.fr,https://cms123456.com/assets/uploads/files/17825-telechargement-1-.png
1313,0,French Sports,FR-SP:Winamax TV,FR-SP:Winamax TV,,https://cms123456.com/assets/uploads/files/9a0c1-winamax-tv.jpg
1282,0,French Sports,Fr- Amazon prime 1,Fr- Amazon prime 1,,
1283,0,French Sports,Fr-Amazon prime 2,Fr-Amazon prime 2,,
1284,0,French Sports,Fr-Amazon prime 3,Fr-Amazon prime 3,,
1285,0,French Sports,Fr-Amazon prime 4,Fr-Amazon prime 4,,
1286,0,French Sports,Fr-Amazon prime 5,Fr-Amazon prime 5,,
1395,0,French Sports,Skweek 1,Skweek 1,,
1394,0,French Sports,Skweek 2,Skweek 2,,
1393,0,French Sports,Skweek 3,Skweek 3,,
1392,0,French Sports,Skweek 4,Skweek 4,,
1391,0,French Sports,Skweek 5,Skweek 5,,
998,0,French-FHD,13EME.RUE-FHD,13EME.RUE-FHD,13Rue.fr,https://cms123456.com/assets/uploads/files/bf405-13eme_rue_fr.png
974,0,French-FHD,6TER-FHD,6TER-FHD,6ter.fr,https://cms123456.com/assets/uploads/files/32589-6ter.png
698,0,French-FHD,A+,A+,,
1003,0,French-FHD,AB1-FHD,AB1-FHD,AB1.fr,https://cms123456.com/assets/uploads/files/79715-ab1.png
1004,0,French-FHD,AB3-FHD,AB3-FHD,AB3.be,https://cms123456.com/assets/uploads/files/e0cb6-logo-ab3.png
1001,0,French-FHD,ACTION-FHD,ACTION-FHD,Action.fr,https://cms123456.com/assets/uploads/files/5e908-action_fr.png
1006,0,French-FHD,ANIMAUX-FHD,ANIMAUX-FHD,Animaux.fr,https://cms123456.com/assets/uploads/files/ce2be-animaux_fr_hd.png
965,0,French-FHD,ARTE-FHD,ARTE-FHD,ARTE.fr,https://cms123456.com/assets/uploads/files/7b5af-arte.png
993,0,French-FHD,BEINSPORT1-FHD,BEINSPORT1-FHD,beINSport1.fr,https://cms123456.com/assets/uploads/files/ce6df-b1.png
994,0,French-FHD,BEINSPORT2-FHD,BEINSPORT2-FHD,beINSport2.fr,https://cms123456.com/assets/uploads/files/c6f25-b2.png
995,0,French-FHD,BEINSPORT3-FHD,BEINSPORT3-FHD,beINSport3.fr,https://cms123456.com/assets/uploads/files/5e32b-b3.png
676,0,French-FHD,BFM Grands Reportages,BFM Grands Reportages,,
678,0,French-FHD,BFM Lille,BFM Lille,,
679,0,French-FHD,BFM Littoral,BFM Littoral,,
677,0,French-FHD,BFM Lyon,BFM Lyon,,
680,0,French-FHD,BFM Nice Côte d'Azur,BFM Nice Côte d'Azur,,
675,0,French-FHD,BFM Paris,BFM Paris,,
969,0,French-FHD,BFMTV-FHD,BFMTV-FHD,BFMTV.fr,https://cms123456.com/assets/uploads/files/969a3-bfm.png
1038,0,French-FHD,BOING-FHD,BOING-FHD,,https://cms123456.com/assets/uploads/files/9adb9-italia.png
1037,0,French-FHD,BOOMERANG-FHD,BOOMERANG-FHD,Boomerang.fr,https://cms123456.com/assets/uploads/files/ad40e-boomerang_global_hd.png
703,0,French-FHD,Baby TV,Baby TV,,
978,0,French-FHD,CANAL+-FHD,CANAL+-FHD,CanalPlus.fr,https://cms123456.com/assets/uploads/files/e8e9d-canal-.png
979,0,French-FHD,CANAL+CINEMA-FHD,CANAL+CINEMA-FHD,CANALplusCINEMA.fr,https://cms123456.com/assets/uploads/files/cd7b9-canal-_cinema.png
982,0,French-FHD,CANAL+FAMILY-FHD,CANAL+FAMILY-FHD,,https://cms123456.com/assets/uploads/files/f362e-canal-_family.png
980,0,French-FHD,CANAL+SPORT-FHD,CANAL+SPORT-FHD,CanalplusSports.pl,https://cms123456.com/assets/uploads/files/18fae-canal-_sport.png
1035,0,French-FHD,CANAL.J-FHD,CANAL.J-FHD,CanalJ.fr,https://cms123456.com/assets/uploads/files/cbd99-canal_j_fr.png
1042,0,French-FHD,CARTOON.NETWORK-FHD,CARTOON.NETWORK-FHD,CartoonNetwork.fr,https://cms123456.com/assets/uploads/files/1b482-cartoon_network_global.png
1007,0,French-FHD,CHASSE.ET.PECHE-FHD,CHASSE.ET.PECHE-FHD,ChassePeche.fr,https://cms123456.com/assets/uploads/files/c7ee8-chasse_et_peche.png
977,0,French-FHD,CHERIE.25-FHD,CHERIE.25-FHD,Cherie25.fr,https://cms123456.com/assets/uploads/files/304f0-teles-cherie25.png
988,0,French-FHD,CINE+CLASSIC-FHD,CINE+CLASSIC-FHD,CinecinemaClassic.fr,https://cms123456.com/assets/uploads/files/ee406-cine-_classic.png
987,0,French-FHD,CINE+CLUB-FHD,CINE+CLUB-FHD,CinecinemaClub.fr,https://cms123456.com/assets/uploads/files/812bb-chn43fb_532.png
985,0,French-FHD,CINE+EMOTION-FHD,CINE+EMOTION-FHD,CinecinemaEmotion.fr,https://cms123456.com/assets/uploads/files/55ce3-cine-_emotion.png
986,0,French-FHD,CINE+FAMIZ-FHD,CINE+FAMIZ-FHD,CinecinemaFamiz.fr,https://cms123456.com/assets/uploads/files/67794-cine-_famiz.png
984,0,French-FHD,CINE+FRISSON-FHD,CINE+FRISSON-FHD,CinecinemaFrisson.fr,https://cms123456.com/assets/uploads/files/1d449-cine-_frisson.png
983,0,French-FHD,CINE+PREMIER-FHD,CINE+PREMIER-FHD,CinecinemaPremier.fr,https://cms123456.com/assets/uploads/files/ebccd-cine-_premier.png
990,0,French-FHD,COMEDIE+-FHD,COMEDIE+-FHD,Comedie.fr,https://cms123456.com/assets/uploads/files/4950c-canalplus_fr_comedie_plus.png
1009,0,French-FHD,CRIME.DISTRICT-FHD,CRIME.DISTRICT-FHD,CrimeDistrict.fr,https://cms123456.com/assets/uploads/files/8cdfc-cd.jpg
971,0,French-FHD,CSTAR-FHD,CSTAR-FHD,CStar.fr,https://cms123456.com/assets/uploads/files/69fd5-cstar.png
682,0,French-FHD,Canal+ Box Office,Canal+ Box Office,,
683,0,French-FHD,Canal+ Docs,Canal+ Docs,,
681,0,French-FHD,Canal+ Grand Ecran,Canal+ Grand Ecran,,
685,0,French-FHD,Cine+ Festival,Cine+ Festival,,
684,0,French-FHD,Cine+ OCS,Cine+ OCS,,
996,0,French-FHD,DISCOVERY-FHD,DISCOVERY-FHD,DiscoveryInvestigation.fr,https://cms123456.com/assets/uploads/files/93b0a-discovery-channel-east-us.png
997,0,French-FHD,DISCOVERY.SCIENCE-FHD,DISCOVERY.SCIENCE-FHD,DiscoveryScience.fr,https://cms123456.com/assets/uploads/files/af2c0-science-channel-590x283.png
1032,0,French-FHD,DISNEY+-FHD,DISNEY+-FHD,Pixar.fr,https://cms123456.com/assets/uploads/files/322be-disney-qpevk5-1-.png
1034,0,French-FHD,DISNEY.CHANNEL-FHD,DISNEY.CHANNEL-FHD,DisneyChannel.fr,https://cms123456.com/assets/uploads/files/8c653-875_medium.png
1033,0,French-FHD,DISNEY.JUNIOR-FHD,DISNEY.JUNIOR-FHD,,https://cms123456.com/assets/uploads/files/5686b-339_medium.png
693,0,French-FHD,Discovery Investigation,Discovery Investigation,,
686,0,French-FHD,Drive-in Movie Channel,Drive-in Movie Channel,,
1000,0,French-FHD,E!.ENTERTAINMENT-FHD,E!.ENTERTAINMENT-FHD,E!Entertainment.fr,https://cms123456.com/assets/uploads/files/511a9-etv_pt.png
1010,0,French-FHD,EQUIDIA.LIVE-FHD,EQUIDIA.LIVE-FHD,EquidiaLive.fr,https://cms123456.com/assets/uploads/files/63c78-equidia.png
1029,0,French-FHD,EUROSPORT1-FHD,EUROSPORT1-FHD,EUROSPORT3601.fr,https://cms123456.com/assets/uploads/files/bf453-249_medium.png
1030,0,French-FHD,EUROSPORT2-FHD,EUROSPORT2-FHD,EUROSPORT3602.fr,https://cms123456.com/assets/uploads/files/0b0b4-296_medium.png
668,0,French-FHD,FR- Canal+ Kids,FR- Canal+ Kids,,
672,0,French-FHD,FRANCE 24,FRANCE 24,,
960,0,French-FHD,FRANCE2-FHD,FRANCE2-FHD,France2.fr,https://cms123456.com/assets/uploads/files/c49bb-f0f3e-f2.png
961,0,French-FHD,FRANCE3-FHD,FRANCE3-FHD,,https://cms123456.com/assets/uploads/files/14f54-f3.png
962,0,French-FHD,FRANCE4-FHD,FRANCE4-FHD,France4.fr,https://cms123456.com/assets/uploads/files/5d107-f4.png
963,0,French-FHD,FRANCE5-FHD,FRANCE5-FHD,France5.fr,https://cms123456.com/assets/uploads/files/062b5-f5.png
670,0,French-FHD,FRANCEINFO,FRANCEINFO,,
1011,0,French-FHD,GAME.ONE-FHD,GAME.ONE-FHD,GameOne.fr,https://cms123456.com/assets/uploads/files/1e43d-game_one.png
1028,0,French-FHD,GOLF+-FHD,GOLF+-FHD,GolfPlus.fr,https://cms123456.com/assets/uploads/files/45e7f-canalplus_fr_golf_plus_hd.png
970,0,French-FHD,GULLI-FHD,GULLI-FHD,Gulli.fr,https://cms123456.com/assets/uploads/files/085b4-gulli.png
699,0,French-FHD,Gong,Gong,,
700,0,French-FHD,Gong Max,Gong Max,,
1026,0,French-FHD,HISTOIRE-FHD,HISTOIRE-FHD,Histoire.fr,https://cms123456.com/assets/uploads/files/05338-histoire.png
1027,0,French-FHD,INFOSPORT-FHD,INFOSPORT-FHD,Infosport.fr,https://cms123456.com/assets/uploads/files/9c19f-126_medium.png
973,0,French-FHD,L EQUIPE-FHD,L EQUIPE-FHD,EquipeTV.fr,https://cms123456.com/assets/uploads/files/0593f-equip.png
671,0,French-FHD,LCI,LCI,,
692,0,French-FHD,La Chaîne Météo,La Chaîne Météo,,
701,0,French-FHD,Ludikids,Ludikids,,
697,0,French-FHD,Luxe TV,Luxe TV,,
687,0,French-FHD,M6 Music,M6 Music,,
964,0,French-FHD,M6-FHD,M6-FHD,M6.fr,https://cms123456.com/assets/uploads/files/057e4-m6.png
1044,0,French-FHD,MANGAS-FHD,MANGAS-FHD,Mangas.fr,https://cms123456.com/assets/uploads/files/bac2b-mangas_fr.png
1018,0,French-FHD,MCM-FHD,MCM-FHD,MCM.fr,https://cms123456.com/assets/uploads/files/43431-mcm_fr.png
688,0,French-FHD,MTV France,MTV France,,
690,0,French-FHD,Melody,Melody,,
696,0,French-FHD,Museum,Museum,,
1024,0,French-FHD,NATIONAL.GEO-WILD-FHD,NATIONAL.GEO-WILD-FHD,NatGeoWildHD.fr,https://cms123456.com/assets/uploads/files/5a0ac-324_medium.png
1023,0,French-FHD,NATIONAL.GEOGRAPHIC-FHD,NATIONAL.GEOGRAPHIC-FHD,NationalGeographic.fr,https://cms123456.com/assets/uploads/files/805ec-275_medium.png
1039,0,French-FHD,NICKELODEON-FHD,NICKELODEON-FHD,Nickelodeon.fr,https://cms123456.com/assets/uploads/files/17e31-r.png
1040,0,French-FHD,NICKELODEON.JUNIOR-FHD,NICKELODEON.JUNIOR-FHD,NickJr.fr,https://cms123456.com/assets/uploads/files/e3393-nick-jr.-logo.png
1041,0,French-FHD,NICKELODEON.TEEN-FHD,NICKELODEON.TEEN-FHD,Nick4teens.fr,https://cms123456.com/assets/uploads/files/dd9be-r.png
689,0,French-FHD,NRJ Hits,NRJ Hits,,
1017,0,French-FHD,PARAMOUNT-FHD,PARAMOUNT-FHD,ParamountChannel.fr,https://cms123456.com/assets/uploads/files/bd356-paramount_channel_us.png
1014,0,French-FHD,PARIS-FHD,PARIS-FHD,ParisPremiere.fr,https://cms123456.com/assets/uploads/files/779ec-pp.png
1036,0,French-FHD,PIWI+-FHD,PIWI+-FHD,PIWI.fr,https://cms123456.com/assets/uploads/files/58da2-canalplus_fr_piwi_plus.png
1020,0,French-FHD,PLANETE+-FHD,PLANETE+-FHD,PLANETE.fr,https://cms123456.com/assets/uploads/files/ad583-planete_plus_hd.png
1021,0,French-FHD,PLANETE.AE-FHD,PLANETE.AE-FHD,Planete+AventureExperience.fr,https://cms123456.com/assets/uploads/files/a92f5-planete_plus_action_experience.png
1022,0,French-FHD,PLANETE.CI-FHD,PLANETE.CI-FHD,Planete+CrimeInvestigation.fr,https://cms123456.com/assets/uploads/files/26f44-planet_de.png
989,0,French-FHD,POLAR+-FHD,POLAR+-FHD,PolarPlus.fr,https://cms123456.com/assets/uploads/files/b0a23-vignette-6.png
702,0,French-FHD,Pitchoun TV,Pitchoun TV,,
976,0,French-FHD,RMC.DECOUVERTE-FHD,RMC.DECOUVERTE-FHD,RMCdecouverte.fr,https://cms123456.com/assets/uploads/files/5e9ad-th-rmcd.png
991,0,French-FHD,RMC.SPORT1-FHD,RMC.SPORT1-FHD,RMCSport1.fr,https://cms123456.com/assets/uploads/files/1b8ac-rmc_sport_1_color.png
992,0,French-FHD,RMC.SPORT2-FHD,RMC.SPORT2-FHD,RMCSport2.fr,https://cms123456.com/assets/uploads/files/619b0-rmc_sport_2_color.png
975,0,French-FHD,RMC.STORY-FHD,RMC.STORY-FHD,RMCStory.fr,https://cms123456.com/assets/uploads/files/85789-teles-rmcstory.png
1002,0,French-FHD,RTL9-FHD,RTL9-FHD,RTL9.fr,https://cms123456.com/assets/uploads/files/28bf7-rtl9.png
1008,0,French-FHD,SCIENCES&VIE-FHD,SCIENCES&VIE-FHD,ScienceVie.fr,https://cms123456.com/assets/uploads/files/965ba-sv.png
1019,0,French-FHD,SEASON-FHD,SEASON-FHD,Seasons.fr,https://cms123456.com/assets/uploads/files/68aef-canalplus_fr_seasons.png
1016,0,French-FHD,SERIECLUB-FHD,SERIECLUB-FHD,SerieClub.fr,https://cms123456.com/assets/uploads/files/cb3ff-sc.png
999,0,French-FHD,SYFY-FHD,SYFY-FHD,Syfy.fr,https://cms123456.com/assets/uploads/files/ae94d-syfy-logo-484_0.jpg
981,0,French-FHD,T18-FHD,T18-FHD,CanalplusSeries.fr,https://cms123456.com/assets/uploads/files/8fa39-canal-_series.png
1015,0,French-FHD,TCM.CINEMA-FHD,TCM.CINEMA-FHD,TCM.fr,https://cms123456.com/assets/uploads/files/d96f0-tcm.jpeg
1045,0,French-FHD,TELETOON+-FHD,TELETOON+-FHD,,https://cms123456.com/assets/uploads/files/e8297-canalplus_fr_teletoon_plus.png
1012,0,French-FHD,TEVA-FHD,TEVA-FHD,Teva.fr,https://cms123456.com/assets/uploads/files/a0c94-teva.jpg
669,0,French-FHD,TF1 +1,TF1 +1,,
959,0,French-FHD,TF1-FHD,TF1-FHD,TF1.fr,https://cms123456.com/assets/uploads/files/06d6d-tf1.png
972,0,French-FHD,TF1.SERIES-FILMS-FHD,TF1.SERIES-FILMS-FHD,TF1SeriesFilms.fr,https://cms123456.com/assets/uploads/files/6c78a-tf1sf.png
968,0,French-FHD,TFX-FHD,TFX-FHD,TFX.fr,https://cms123456.com/assets/uploads/files/722c9-tele-tfx.png
1043,0,French-FHD,TIJI-FHD,TIJI-FHD,Tiji.fr,https://cms123456.com/assets/uploads/files/36115-tiji_fr.png
967,0,French-FHD,TMC-FHD,TMC-FHD,TMC.fr,https://cms123456.com/assets/uploads/files/a4b0b-tmc.png
1046,0,French-FHD,TOONAMI-FHD,TOONAMI-FHD,,https://cms123456.com/assets/uploads/files/703b7-toonami.jpg
1005,0,French-FHD,TREK-FHD,TREK-FHD,Trek.fr,https://cms123456.com/assets/uploads/files/db569-trek.png
1013,0,French-FHD,TV.BREIZH-FHD,TV.BREIZH-FHD,TVBreizh.fr,https://cms123456.com/assets/uploads/files/2aa7a-tv_breizh_fr.png
674,0,French-FHD,TV5 Monde,TV5 Monde,,
694,0,French-FHD,Top Santé TV,Top Santé TV,,
691,0,French-FHD,Toute l'Histoire,Toute l'Histoire,,
1025,0,French-FHD,USHUAIA.TV-FHD,USHUAIA.TV-FHD,UshuaiaTV.fr,https://cms123456.com/assets/uploads/files/26dbc-ush.jpg
695,0,French-FHD,Viceland,Viceland,,
966,0,French-FHD,W9-FHD,W9-FHD,W9.fr,https://cms123456.com/assets/uploads/files/c5570-w9.png
1031,0,French-FHD,WARNERTV-FHD,WARNERTV-FHD,Warnertv.fr,https://cms123456.com/assets/uploads/files/e86f9-warner-tv.jpg
673,0,French-FHD,i24 News,i24 News,,
706,0,French-HD,BFM Alpes,BFM Alpes,,
704,0,French-HD,BFM Asace,BFM Asace,,
707,0,French-HD,BFM Haute Provence,BFM Haute Provence,,
710,0,French-HD,BFM Marseille,BFM Marseille,,
709,0,French-HD,BFM Nice,BFM Nice,,
708,0,French-HD,BFM Normandie,BFM Normandie,,
705,0,French-HD,BFM Toulon,BFM Toulon,,
854,0,French-HD,Canal+ Kids,Canal+ Kids,Canal+Kids.fr,https://cms123456.com/assets/uploads/files/307d4-chn43fn_40183_20210902.jpg
849,0,French-HD,FR- Canal+ Box office,FR- Canal+ Box office,,https://cms123456.com/assets/uploads/files/89f02-images-2-.png
848,0,French-HD,FR- Canal+ Grand Ecran,FR- Canal+ Grand Ecran,,https://cms123456.com/assets/uploads/files/c97ef-images-1-.png
855,0,French-HD,FR- Canal+Docs,FR- Canal+Docs,Canal+Docs.fr,https://cms123456.com/assets/uploads/files/f3841-canal_docs_pivot_fn.jpg
921,0,French-HD,FR-01TV,FR-01TV,,https://cms123456.com/assets/uploads/files/9385d-unnamed-13-.jpg
870,0,French-HD,FR-13eme_Rue,FR-13eme_Rue,13Rue.fr,https://cms123456.com/assets/uploads/files/ca63d-telechargement.jpeg
832,0,French-HD,FR-6TER,FR-6TER,6ter.fr,https://cms123456.com/assets/uploads/files/16c82-32589-6ter.png
922,0,French-HD,FR-A+,FR-A+,APlus.fr,https://cms123456.com/assets/uploads/files/1c812-telechargement-8-.png
867,0,French-HD,FR-AB1,FR-AB1,AB1.fr,https://cms123456.com/assets/uploads/files/2dc54-1200px-logo_ab1_2011.svg.png
958,0,French-HD,FR-AB3,FR-AB3,AB3.be,https://cms123456.com/assets/uploads/files/313d6-1200px-ab3_logo.svg.png
811,0,French-HD,FR-ARTE,FR-ARTE,ARTE.fr,https://cms123456.com/assets/uploads/files/bff35-7b5af-arte.png
865,0,French-HD,FR-Action,FR-Action,Action.fr,https://cms123456.com/assets/uploads/files/1c785-action_fr.png
887,0,French-HD,FR-Animaux,FR-Animaux,Animaux.fr,https://cms123456.com/assets/uploads/files/75dee-ce2be-animaux_fr_hd.png
818,0,French-HD,FR-BFM Business,FR-BFM Business,BFMBusiness.fr,https://cms123456.com/assets/uploads/files/75a1d-logo_business_2020.png
820,0,French-HD,FR-BFM Grands Reportages,FR-BFM Grands Reportages,,https://cms123456.com/assets/uploads/files/0cd8a-images-3-.jpeg
822,0,French-HD,FR-BFM LILLE,FR-BFM LILLE,BFMGrandLittoral.fr,https://cms123456.com/assets/uploads/files/1baf0-bfm-grand-lille.png
823,0,French-HD,FR-BFM LITTORAL,FR-BFM LITTORAL,BFMGrandLittoral.fr,https://cms123456.com/assets/uploads/files/8aa45-telechargement-3-.jpeg
821,0,French-HD,FR-BFM LYON,FR-BFM LYON,BFMLyon.fr,https://cms123456.com/assets/uploads/files/cef96-unnamed-8-.jpg
819,0,French-HD,FR-BFM Paris,FR-BFM Paris,BFMParis.fr,s:1:/images/88bdda871f7a3fe274fd7d04e1ae5907.png
817,0,French-HD,FR-BFM-TV,FR-BFM-TV,BFMTV.fr,https://cms123456.com/assets/uploads/files/614d0-logo_bfm_tv_-2019-.png
952,0,French-HD,FR-Baby TV,FR-Baby TV,BabyTV.fr,https://cms123456.com/assets/uploads/files/5de1b-baby-tv.png
950,0,French-HD,FR-Boing,FR-Boing,,https://cms123456.com/assets/uploads/files/756eb-boing_logo_-6.png
937,0,French-HD,FR-Boomerang,FR-Boomerang,Boomerang.fr,https://cms123456.com/assets/uploads/files/f3408-boomerang_tv_logo.png
829,0,French-HD,FR-CNEWS,FR-CNEWS,CNews.fr,https://cms123456.com/assets/uploads/files/e3cc6-cnews-logo-300x300_5dee447eed80f.png
830,0,French-HD,FR-CSTAR,FR-CSTAR,CStar.fr,https://cms123456.com/assets/uploads/files/ab75c-69fd5-cstar.png
847,0,French-HD,FR-Canal+,FR-Canal+,,https://cms123456.com/assets/uploads/files/869df-0a039-canal-.png
853,0,French-HD,FR-Canal+Family,FR-Canal+Family,,https://cms123456.com/assets/uploads/files/6d1f5-57d9f-canal-family.png
938,0,French-HD,FR-Canal-J,FR-Canal-J,CanalJ.fr,https://cms123456.com/assets/uploads/files/de251-logo_canal_j.png
876,0,French-HD,FR-Canalplay1,FR-Canalplay1,Play1.fr,https://cms123456.com/assets/uploads/files/836ab-images-5-.png
877,0,French-HD,FR-Canalplay2,FR-Canalplay2,Play2.fr,https://cms123456.com/assets/uploads/files/ef0fb-images-5-.png
878,0,French-HD,FR-Canalplay3,FR-Canalplay3,Play3.fr,https://cms123456.com/assets/uploads/files/23b93-images-5-.png
879,0,French-HD,FR-Canalplay4,FR-Canalplay4,Play4.fr,https://cms123456.com/assets/uploads/files/8caf1-images-5-.png
880,0,French-HD,FR-Canalplay5,FR-Canalplay5,Play5.fr,https://cms123456.com/assets/uploads/files/a190a-images-5-.png
881,0,French-HD,FR-Canalplay6,FR-Canalplay6,Play6.fr,https://cms123456.com/assets/uploads/files/f07d7-images-5-.png
882,0,French-HD,FR-Canalplay7,FR-Canalplay7,Play7.fr,https://cms123456.com/assets/uploads/files/5c6b4-images-5-.png
944,0,French-HD,FR-Cartoon_Network,FR-Cartoon_Network,CartoonNetwork.fr,https://cms123456.com/assets/uploads/files/3b7f7-show-icon.e2c47072.png
886,0,French-HD,FR-Chasse-et-Peche,FR-Chasse-et-Peche,ChassePeche.fr,https://cms123456.com/assets/uploads/files/a93c6-5cd8a-chasse-et-peche.png
845,0,French-HD,FR-Cherie_25,FR-Cherie_25,Cherie25.fr,https://cms123456.com/assets/uploads/files/08ddf-304f0-teles-cherie25.png
861,0,French-HD,FR-Cine+Classic,FR-Cine+Classic,CinecinemaClassic.fr,https://cms123456.com/assets/uploads/files/8a9db-ee406-cine-_classic.png
860,0,French-HD,FR-Cine+Club,FR-Cine+Club,CinecinemaClub.fr,https://cms123456.com/assets/uploads/files/d16a4-cine-club.png
858,0,French-HD,FR-Cine+Emotion,FR-Cine+Emotion,CinecinemaEmotion.fr,https://cms123456.com/assets/uploads/files/9b4ff-cine-emotion.png
856,0,French-HD,FR-Cine+Famiz,FR-Cine+Famiz,,https://cms123456.com/assets/uploads/files/27a49-22bd0-cine-famiz.png
863,0,French-HD,FR-Cine+Festival,FR-Cine+Festival,OCSPulp.fr,https://cms123456.com/assets/uploads/files/b0ba4-1024px-ocs_city.svg.png
857,0,French-HD,FR-Cine+Frisson,FR-Cine+Frisson,CinecinemaFrisson.fr,https://cms123456.com/assets/uploads/files/24148-1d449-cine-_frisson.png
862,0,French-HD,FR-Cine+OCS,FR-Cine+OCS,OCSMax.fr,https://cms123456.com/assets/uploads/files/1e7c9-94b19-ocs-max.png
859,0,French-HD,FR-Cine+Premier,FR-Cine+Premier,CinecinemaPremier.fr,https://cms123456.com/assets/uploads/files/c19d6-07d03-cine-premier.png
904,0,French-HD,FR-Comedie+,FR-Comedie+,Comedie.fr,https://cms123456.com/assets/uploads/files/6c0f2-comedie-1432803505.jpg
898,0,French-HD,FR-Discovery,FR-Discovery,Discovery.fr,https://cms123456.com/assets/uploads/files/19786-discoveryfrance_logosite_noir.png
897,0,French-HD,FR-Discovery_Science,FR-Discovery_Science,DiscoveryScience.fr,https://cms123456.com/assets/uploads/files/3e27b-logo_science_marine_for_wp.png
943,0,French-HD,FR-Disney+,FR-Disney+,DisneyChannel.fr,https://cms123456.com/assets/uploads/files/80f8d-telechargement-9-.png
945,0,French-HD,FR-Disney_Channel,FR-Disney_Channel,,https://cms123456.com/assets/uploads/files/0f057-disney-channel.png
942,0,French-HD,FR-Disney_Junior,FR-Disney_Junior,DisneyJunior.fr,https://cms123456.com/assets/uploads/files/7f9d8-unnamed-15-.jpg
925,0,French-HD,FR-Drive-in Movie Channel,FR-Drive-in Movie Channel,DriveInMovieChannel.fr,https://cms123456.com/assets/uploads/files/09b4e-logo-drive-in-movie-channel-.png
874,0,French-HD,FR-E!,FR-E!,E!Entertainment.fr,https://cms123456.com/assets/uploads/files/8e1e8-unnamed-4-.jpg
826,0,French-HD,FR-FRANCE 24,FR-FRANCE 24,France24.fr,https://cms123456.com/assets/uploads/files/ee2d2-telechargement-4-.png
806,0,French-HD,FR-FRANCE2,FR-FRANCE2,France2.fr,https://cms123456.com/assets/uploads/files/e11a2-france_2_logo.png
807,0,French-HD,FR-FRANCE3,FR-FRANCE3,France3.fr,https://cms123456.com/assets/uploads/files/a855c-france3-2008.png
808,0,French-HD,FR-FRANCE4,FR-FRANCE4,France4.fr,https://cms123456.com/assets/uploads/files/bcb6a-france_4_logo.png
809,0,French-HD,FR-FRANCE5,FR-FRANCE5,France5.fr,https://cms123456.com/assets/uploads/files/648a6-1200px-logo_france_5.svg.png
816,0,French-HD,FR-FRANCEINFO,FR-FRANCEINFO,Franceinfo.fr,https://cms123456.com/assets/uploads/files/02fc6-78978-france_info_tv.png
905,0,French-HD,FR-GAME-ONE,FR-GAME-ONE,GameOne.fr,https://cms123456.com/assets/uploads/files/c53e6-unnamed-6-.jpg
923,0,French-HD,FR-Gong,FR-Gong,Gong.fr,https://cms123456.com/assets/uploads/files/812f3-unnamed-14-.jpg
924,0,French-HD,FR-Gong Max,FR-Gong Max,GongMax.fr,https://cms123456.com/assets/uploads/files/eb250-gong_max_logo-1.png
936,0,French-HD,FR-Gulli,FR-Gulli,Gulli.fr,https://cms123456.com/assets/uploads/files/3930c-gulli_fr.png
875,0,French-HD,FR-HISTOIRE,FR-HISTOIRE,Histoire.fr,https://cms123456.com/assets/uploads/files/ec521-kisspng-history-television-channel-logo-starz-encore-5b3308eda538b2.7441033615300712776768.jpg
828,0,French-HD,FR-LA CHAINE METEO,FR-LA CHAINE METEO,LaChaineMeteo.fr,https://cms123456.com/assets/uploads/files/0e4e1-la_chaine_meteo.png
846,0,French-HD,FR-LCI,FR-LCI,LCI.fr,https://cms123456.com/assets/uploads/files/56f3b-c632d-lci.png
815,0,French-HD,FR-LCP,FR-LCP,,https://cms123456.com/assets/uploads/files/3ec9a-b05ce-lcp.png
911,0,French-HD,FR-Lucky Jack,FR-Lucky Jack,LuckyJack.fr,https://cms123456.com/assets/uploads/files/1dce6-lucky_jack.tv_logo.png
916,0,French-HD,FR-Luxe TV,FR-Luxe TV,FRBA3300060U8,https://cms123456.com/assets/uploads/files/07e89-d6374b0df5c56b87ba570f045e356ca2f4be27029b67827be0118896415aec83.png
810,0,French-HD,FR-M6,FR-M6,M6.fr,https://cms123456.com/assets/uploads/files/0d28d-057e4-m6.png
929,0,French-HD,FR-M6_MUSIC,FR-M6_MUSIC,M6Music.fr,https://cms123456.com/assets/uploads/files/163d8-2960858357_1_3_2ykd7phm.jpg
906,0,French-HD,FR-MCM,FR-MCM,MCM.fr,https://cms123456.com/assets/uploads/files/b2c8e-1200px-mcm_logo_2017.svg.png
935,0,French-HD,FR-MELODY,FR-MELODY,Melody.fr,https://cms123456.com/assets/uploads/files/3fed1-melody.png
920,0,French-HD,FR-MENS UP TV,FR-MENS UP TV,,https://cms123456.com/assets/uploads/files/9aee0-unnamed-11-.jpg
926,0,French-HD,FR-MTV,FR-MTV,MTVLive.eu,https://cms123456.com/assets/uploads/files/7230c-channels4_profile.jpg
928,0,French-HD,FR-MTV HITS,FR-MTV HITS,MTVHits.fr,https://cms123456.com/assets/uploads/files/bede2-mtv_hits.png
927,0,French-HD,FR-MTVFRANCE,FR-MTVFRANCE,MTVLive.eu,https://cms123456.com/assets/uploads/files/37f77-channels4_profile.jpg
903,0,French-HD,FR-Mangas,FR-Mangas,Mangas.fr,https://cms123456.com/assets/uploads/files/85d84-mangas.png
914,0,French-HD,FR-MuSEUM,FR-MuSEUM,Museum.fr,https://cms123456.com/assets/uploads/files/01a56-telechargement-7-.png
947,0,French-HD,FR-NICKELODEON,FR-NICKELODEON,Nickelodeon.fr,https://cms123456.com/assets/uploads/files/c9d7e-unnamed-16-.jpg
949,0,French-HD,FR-NICKELODEON TEEN,FR-NICKELODEON TEEN,Nick4teens.fr,https://cms123456.com/assets/uploads/files/2c8d1-nickelodeon-teen.png
933,0,French-HD,FR-NRJ_Hits,FR-NRJ_Hits,NRJHits.fr,https://cms123456.com/assets/uploads/files/e1ea6-1200px-nrj_hits_2017.svg.png
895,0,French-HD,FR-NatGeo Wild,FR-NatGeo Wild,NatGeoWildHD.fr,https://cms123456.com/assets/uploads/files/b8415-nat_geo_wild.png
896,0,French-HD,FR-National Geographic,FR-National Geographic,NationalGeographic.fr,https://cms123456.com/assets/uploads/files/1593f-2560px-national_geographic_channel.svg.png
910,0,French-HD,FR-PARAMOUNT CHANNEL,FR-PARAMOUNT CHANNEL,Paramount.pl,https://cms123456.com/assets/uploads/files/68f93-kisspng-paramount-pictures-paramount-channel-television-ch-mountain-logo-5b11a1db31ebe7.6027270915278822032045.jpg
909,0,French-HD,FR-PARAMOUNT DECALE,FR-PARAMOUNT DECALE,ParamountChannelDecale.fr,https://cms123456.com/assets/uploads/files/64c4d-telechargement-5-.png
951,0,French-HD,FR-PITCHOUN TV,FR-PITCHOUN TV,Pitchoun.fr,https://cms123456.com/assets/uploads/files/3ac4b-images-1-.jpeg
892,0,French-HD,FR-PLANETE+,FR-PLANETE+,PLANETE.fr,https://cms123456.com/assets/uploads/files/e27e5-ad583-planete_plus_hd.png
893,0,French-HD,FR-PLANETE+_CI,FR-PLANETE+_CI,Planete+CrimeInvestigation.fr,https://cms123456.com/assets/uploads/files/c8bf2-e2d85-planete-c.i.-hd.png
869,0,French-HD,FR-Paris Premiere,FR-Paris Premiere,ParisPremiere.fr,https://cms123456.com/assets/uploads/files/625e8-images-2-.png
940,0,French-HD,FR-Piwi,FR-Piwi,PIWI.fr,https://cms123456.com/assets/uploads/files/e6b81-piwi_logo_old.png
894,0,French-HD,FR-Planete+ AE,FR-Planete+ AE,Planete+AventureExperience.fr,https://cms123456.com/assets/uploads/files/910d3-planeteae-frequence-astra.jpg
864,0,French-HD,FR-Polar+,FR-Polar+,PolarPlus.fr,https://cms123456.com/assets/uploads/files/a6309-telechargement-1-.jpeg
833,0,French-HD,FR-RMC-STORY,FR-RMC-STORY,RMCStory.fr,https://cms123456.com/assets/uploads/files/584dc-85789-teles-rmcstory.png
834,0,French-HD,FR-RMC_Decouverte,FR-RMC_Decouverte,RMCdecouverte.fr,https://cms123456.com/assets/uploads/files/95704-8f83d-rmc-decouverte.png
866,0,French-HD,FR-RTL9,FR-RTL9,RTL9.fr,https://cms123456.com/assets/uploads/files/2484e-telechargement-2-.jpeg
954,0,French-HD,FR-RTS-1,FR-RTS-1,RTSUn.ch,https://cms123456.com/assets/uploads/files/86443-sn-rts-1-8408.jpg
955,0,French-HD,FR-RTS-2,FR-RTS-2,RTSDeux.ch,https://cms123456.com/assets/uploads/files/4903a-images-2-.jpeg
891,0,French-HD,FR-SEASONS,FR-SEASONS,Seasons.fr,https://cms123456.com/assets/uploads/files/a59ed-68aef-canalplus_fr_seasons.png
956,0,French-HD,FR-SRF-1,FR-SRF-1,,https://cms123456.com/assets/uploads/files/3b8b6-srf_1.png
957,0,French-HD,FR-SRF-ZWEI,FR-SRF-ZWEI,SRF2.ch,https://cms123456.com/assets/uploads/files/2ca60-srf_2_ch.png
915,0,French-HD,FR-SUNDANCE,FR-SUNDANCE,SundanceTV.es,https://cms123456.com/assets/uploads/files/d9c07-sundance-channel.jpg
888,0,French-HD,FR-Science_Vie,FR-Science_Vie,ScienceVie.fr,https://cms123456.com/assets/uploads/files/6086a-ab936-science_et_vie_tv_fr.png
872,0,French-HD,FR-Serie_Club,FR-Serie_Club,SerieClub.fr,https://cms123456.com/assets/uploads/files/ae103-bfmqqmwt_400x400.jpg
873,0,French-HD,FR-Syfy,FR-Syfy,Syfy.fr,https://cms123456.com/assets/uploads/files/26b97-unnamed-3-.jpg
852,0,French-HD,FR-T18,FR-T18,CanalplusSeries.fr,https://cms123456.com/assets/uploads/files/658ff-8fa39-canal-_series.png
908,0,French-HD,FR-TCM,FR-TCM,TCM.fr,https://cms123456.com/assets/uploads/files/2f709-turnerclassicmoviesasia.jpg
868,0,French-HD,FR-TEVA,FR-TEVA,Teva.fr,https://cms123456.com/assets/uploads/files/540cf-teva.png
803,0,French-HD,FR-TF1,FR-TF1,,https://cms123456.com/assets/uploads/files/e66df-tf1-vign.jpg
804,0,French-HD,FR-TF1 V2,FR-TF1 V2,TF1.fr,https://cms123456.com/assets/uploads/files/22cc0-e66df-tf1-vign.jpg
831,0,French-HD,FR-TF1-Séries-Films,FR-TF1-Séries-Films,TF1SeriesFilms.fr,https://cms123456.com/assets/uploads/files/57843-vignette-square-tf1sf-e479ac-797df5-0-1x.jpg
814,0,French-HD,FR-TFX,FR-TFX,TFX.fr,https://cms123456.com/assets/uploads/files/628cf-722c9-tele-tfx.png
813,0,French-HD,FR-TMC,FR-TMC,TMC.fr,https://cms123456.com/assets/uploads/files/85102-a4b0b-tmc.png
946,0,French-HD,FR-TOONAMI,FR-TOONAMI,,https://cms123456.com/assets/uploads/files/d0313-41600115-34916015.jpg
825,0,French-HD,FR-TV5_Monde,FR-TV5_Monde,TV5.ca,https://cms123456.com/assets/uploads/files/0f839-unnamed-7-.jpg
871,0,French-HD,FR-TV_Breizh,FR-TV_Breizh,TVBreizh.fr,https://cms123456.com/assets/uploads/files/55c15-strats-image-4026067.jpeg
941,0,French-HD,FR-TeleToon+,FR-TeleToon+,TeleTOON.fr,https://cms123456.com/assets/uploads/files/9e3f8-teletoon-_logo.png
939,0,French-HD,FR-Tiji,FR-Tiji,Tiji.fr,https://cms123456.com/assets/uploads/files/248e4-logo_tiji_-2019-.png
918,0,French-HD,FR-Top Sante TV,FR-Top Sante TV,FRBD26000031Q,https://cms123456.com/assets/uploads/files/e3ec3-top-sante-tv.png
889,0,French-HD,FR-Toute_l histoire,FR-Toute_l histoire,TouteHistoire.fr,https://cms123456.com/assets/uploads/files/65d6c-89a00-fit-toute-l-histoire.png
890,0,French-HD,FR-Ushuaïa_TV,FR-Ushuaïa_TV,UshuaiaTV.fr,https://cms123456.com/assets/uploads/files/eec82-a2d87-ushuaia-tv.png
913,0,French-HD,FR-VICELAND HD,FR-VICELAND HD,,https://cms123456.com/assets/uploads/files/41154-c4da887978450a65f3c669a2090f0aa1.png
812,0,French-HD,FR-W9,FR-W9,W9.fr,https://cms123456.com/assets/uploads/files/8c0fb-87405-w9.png
917,0,French-HD,FR-WARNER TV,FR-WARNER TV,Warnertv.fr,https://cms123456.com/assets/uploads/files/5d7d2-warner2018la.png
827,0,French-HD,FR-i24 News,FR-i24 News,i24News.fr,https://cms123456.com/assets/uploads/files/7aa91-1352b9caa849f9325c12157cf9dfc47bc0e3c73e.png
902,0,French-HD,FR-j-one,FR-j-one,JOne.fr,https://cms123456.com/assets/uploads/files/5839c-unnamed-5-.jpg
907,0,French-HD,FR-trek,FR-trek,Trek.fr,https://cms123456.com/assets/uploads/files/ed6bf-images-3-.png
919,0,French-HD,FR:IS+,FR:IS+,,https://cms123456.com/assets/uploads/files/1c384-is-.png
948,0,French-HD,FR:Ludikids,FR:Ludikids,LUDIKIDS.af,https://cms123456.com/assets/uploads/files/a5328-ludi.jpeg
953,0,French-HD,Fr- Rouge TV,Fr- Rouge TV,RougeTV.ch,https://cms123456.com/assets/uploads/files/805c4-rouge.png
934,0,French-HD,Fr-Clubbing_TV,Fr-Clubbing_TV,,https://cms123456.com/assets/uploads/files/5fb95-clubbing_tv.png
899,0,French-HD,Fr-Discovery-Investigation,Fr-Discovery-Investigation,DiscoveryInvestigation.fr,https://cms123456.com/assets/uploads/files/ea1f3-discovery-investigation.png
912,0,French-HD,Fr-Mezzo-Live,Fr-Mezzo-Live,Mezzo.fr,https://cms123456.com/assets/uploads/files/86aa6-1545266756_mezzo-live-hd.jpg
805,0,French-HD,Fr-TF1 +1,Fr-TF1 +1,TF1plus1.fr,https://cms123456.com/assets/uploads/files/e0f61-tf1-.jpg
901,0,French-HD,Fr-novo 19,Fr-novo 19,,https://cms123456.com/assets/uploads/files/9a9ff-telechargement-2-.png
844,0,French-HD,France TV Doc,France TV Doc,,
843,0,French-HD,France TV Series ,France TV Series ,,
835,0,French-HD,RMC Alerte Secours,RMC Alerte Secours,,https://cms123456.com/assets/uploads/files/22fbd-channels4_profile-1-.jpg
838,0,French-HD,RMC J'irai dormir chez vous,RMC J'irai dormir chez vous,,https://cms123456.com/assets/uploads/files/614b2-jpg.jpeg
839,0,French-HD,RMC MECANIC,RMC MECANIC,,https://cms123456.com/assets/uploads/files/dd8e2-images-4-.jpeg
837,0,French-HD,RMC MYSTÈRE,RMC MYSTÈRE,,https://cms123456.com/assets/uploads/files/58c21-39491228.webp
841,0,French-HD,RMC TALK SPORT,RMC TALK SPORT,,https://cms123456.com/assets/uploads/files/422ef-28501.png
840,0,French-HD,RMC Talk Info,RMC Talk Info,FRBA33000234L,https://cms123456.com/assets/uploads/files/d2c37-28501.png
836,0,French-HD,RMC WOW,RMC WOW,,https://cms123456.com/assets/uploads/files/3cee0-channels4_profile-2-.jpg
842,0,French-HD,Weo TV,Weo TV,Weo.fr,https://cms123456.com/assets/uploads/files/40a5e-52s6bfkakps4xvpzvhprusmcyy.jpg
851,0,French-HD,canal+ cinema,canal+ cinema,,https://cms123456.com/assets/uploads/files/06ba2-366cd-canal-cinema.png
900,0,French-HD,fr-Crime District,fr-Crime District,CrimeDistrict.fr,https://cms123456.com/assets/uploads/files/0f650-1200px-crime_district_logo_2016.svg.png
850,0,French-HD,fr-canal+ v2,fr-canal+ v2,,https://cms123456.com/assets/uploads/files/1b49b-869df-0a039-canal-.png
1450,0,French-SD,FR-13eme Rue SD,FR-13eme Rue SD,13Rue.fr,https://cms123456.com/assets/uploads/files/0f673-247_medium.png
1414,0,French-SD,FR-6ter SD,FR-6ter SD,6ter.fr,https://cms123456.com/assets/uploads/files/6c268-622_medium.png
1454,0,French-SD,FR-AB1 SD,FR-AB1 SD,AB1.fr,https://cms123456.com/assets/uploads/files/5cd22-84_medium.png
1456,0,French-SD,FR-AB3 SD,FR-AB3 SD,AB3.be,https://cms123456.com/assets/uploads/files/99fd4-265_medium.png
1452,0,French-SD,FR-Action SD,FR-Action SD,Action.fr,https://cms123456.com/assets/uploads/files/0c21f-86_medium.png
1458,0,French-SD,FR-Animaux SD,FR-Animaux SD,Animaux.fr,https://cms123456.com/assets/uploads/files/06246-251_medium.png
1402,0,French-SD,FR-Arte SD,FR-Arte SD,ARTE.fr,https://cms123456.com/assets/uploads/files/db04c-9_medium.png
1455,0,French-SD,FR-AutoMoto SD,FR-AutoMoto SD,Automoto.fr,https://cms123456.com/assets/uploads/files/773fa-78478-automot.png
1487,0,French-SD,FR-BFM Busniness SD,FR-BFM Busniness SD,BFMBusiness.fr,https://cms123456.com/assets/uploads/files/33a6b-338_medium.png
1486,0,French-SD,FR-BFM Paris SD,FR-BFM Paris SD,BFMParis.fr,https://cms123456.com/assets/uploads/files/3186a-download.png
1408,0,French-SD,FR-BFM TV SD,FR-BFM TV SD,BFMTV.fr,https://cms123456.com/assets/uploads/files/77cf4-17_medium.png
1436,0,French-SD,FR-Bein 1 SD,FR-Bein 1 SD,beINSport1.fr,https://cms123456.com/assets/uploads/files/5efaf-ce6df-b1.png
1437,0,French-SD,FR-Bein 2 SD,FR-Bein 2 SD,,https://cms123456.com/assets/uploads/files/4e21c-c6f25-b2.png
1438,0,French-SD,FR-Bein 3 SD,FR-Bein 3 SD,beINSport3.fr,https://cms123456.com/assets/uploads/files/ca8a7-5e32b-b3.png
1445,0,French-SD,FR-Bein MAX 10 SD,FR-Bein MAX 10 SD,BeInSportMax10.fr,https://cms123456.com/assets/uploads/files/7488e-a773.png
1440,0,French-SD,FR-Bein MAX 5 SD,FR-Bein MAX 5 SD,BeInSportMax5.fr,https://cms123456.com/assets/uploads/files/880ac-c2651-max5.png
1441,0,French-SD,FR-Bein MAX 6 SD,FR-Bein MAX 6 SD,,https://cms123456.com/assets/uploads/files/708b9-cc22a-max6.png
1442,0,French-SD,FR-Bein MAX 7 SD,FR-Bein MAX 7 SD,BeInSportMax7.fr,https://cms123456.com/assets/uploads/files/07b18-98798-max7.png
1443,0,French-SD,FR-Bein MAX 8 SD,FR-Bein MAX 8 SD,BeInSportMax8.fr,https://cms123456.com/assets/uploads/files/19d40-2df3e-max8.png
1444,0,French-SD,FR-Bein MAX 9 SD,FR-Bein MAX 9 SD,BeInSportMax9.fr,https://cms123456.com/assets/uploads/files/8049a-4c246-max9.png
1496,0,French-SD,FR-Boing SD,FR-Boing SD,Boing.fr,https://cms123456.com/assets/uploads/files/e61a2-768_medium.png
1497,0,French-SD,FR-Boomerang SD,FR-Boomerang SD,Boomerang.fr,https://cms123456.com/assets/uploads/files/7723b-277_medium.png
1410,0,French-SD,FR-CNEWS SD,FR-CNEWS SD,CNews.fr,https://cms123456.com/assets/uploads/files/e998d-1125_medium.png
1411,0,French-SD,FR-CSTAR SD,FR-CSTAR SD,,https://cms123456.com/assets/uploads/files/5f59b-1123_medium.png
1420,0,French-SD,FR-Canal+ Cinema SD,FR-Canal+ Cinema SD,CANALplusCINEMA.fr,https://cms123456.com/assets/uploads/files/e8cd5-279_medium.png
1423,0,French-SD,FR-Canal+ Family SD,FR-Canal+ Family SD,,https://cms123456.com/assets/uploads/files/a6387-301_medium.png
1419,0,French-SD,FR-Canal+ SD,FR-Canal+ SD,CanalPlus.fr,https://cms123456.com/assets/uploads/files/c5231-7_medium.png
1421,0,French-SD,FR-Canal+ Sport SD,FR-Canal+ Sport SD,CANALplusSPORT.fr,https://cms123456.com/assets/uploads/files/a6840-280_medium.png
1491,0,French-SD,FR-CanalJ SD,FR-CanalJ SD,CanalJ.fr,https://cms123456.com/assets/uploads/files/9d700-250_medium.png
1503,0,French-SD,FR-Cartoon Network SD,FR-Cartoon Network SD,CartoonNetwork.fr,https://cms123456.com/assets/uploads/files/e5d32-253_medium.png
1459,0,French-SD,FR-Chasse et Peche SD,FR-Chasse et Peche SD,ChassePeche.fr,https://cms123456.com/assets/uploads/files/b380f-257_medium.png
1417,0,French-SD,FR-Cherier 25 SD,FR-Cherier 25 SD,Cherie25.fr,https://cms123456.com/assets/uploads/files/87810-625_medium.png
1429,0,French-SD,FR-Cine+ Classic SD,FR-Cine+ Classic SD,CinecinemaClassic.fr,https://cms123456.com/assets/uploads/files/3eeb3-270_medium.png
1428,0,French-SD,FR-Cine+ Club SD,FR-Cine+ Club SD,CinecinemaClub.fr,https://cms123456.com/assets/uploads/files/13e10-289_medium.png
1426,0,French-SD,FR-Cine+ Emotion SD,FR-Cine+ Emotion SD,,https://cms123456.com/assets/uploads/files/d13ae-268_medium.png
1427,0,French-SD,FR-Cine+ Famiz SD,FR-Cine+ Famiz SD,CinecinemaFamiz.fr,https://cms123456.com/assets/uploads/files/bea1e-281_medium.png
1425,0,French-SD,FR-Cine+ Frisson SD,FR-Cine+ Frisson SD,,https://cms123456.com/assets/uploads/files/7ab29-269_medium.png
1424,0,French-SD,FR-Cine+ Premier SD,FR-Cine+ Premier SD,CinecinemaPremier.fr,https://cms123456.com/assets/uploads/files/e5136-267_medium.png
1462,0,French-SD,FR-Crime District SD,FR-Crime District SD,CrimeDistrict.fr,https://cms123456.com/assets/uploads/files/c967d-1162_medium.png
1448,0,French-SD,FR-Discovery Investigation SD,FR-Discovery Investigation SD,DiscoveryInvestigation.fr,https://cms123456.com/assets/uploads/files/653f3-1988e-di.png
1446,0,French-SD,FR-Discovery SD,FR-Discovery SD,Discovery.fr,https://cms123456.com/assets/uploads/files/d3e1c-5460f-dc.png
1447,0,French-SD,FR-Discovery Science SD,FR-Discovery Science SD,DiscoveryScience.fr,https://cms123456.com/assets/uploads/files/9f166-f3889-ds.png
1492,0,French-SD,FR-Disney Channel SD,FR-Disney Channel SD,,https://cms123456.com/assets/uploads/files/8c653-875_medium.png
1493,0,French-SD,FR-Disney JR SD,FR-Disney JR SD,DisneyJunior.fr,https://cms123456.com/assets/uploads/files/5686b-339_medium.png
1494,0,French-SD,FR-Disney XD SD,FR-Disney XD SD,,
1465,0,French-SD,FR-Equidia SD,FR-Equidia SD,EquidiaLive.fr,https://cms123456.com/assets/uploads/files/96580-equidia.png
1483,0,French-SD,FR-Euronews SD,FR-Euronews SD,Euronews.fr,https://cms123456.com/assets/uploads/files/e6084-43_medium.png
1489,0,French-SD,FR-Eurosport 1 SD,FR-Eurosport 1 SD,,https://cms123456.com/assets/uploads/files/830b9-249_medium.png
1490,0,French-SD,FR-Eurosport 2 SD,FR-Eurosport 2 SD,,https://cms123456.com/assets/uploads/files/d578f-296_medium.png
1397,0,French-SD,FR-France 2 SD,FR-France 2 SD,France2.fr,https://cms123456.com/assets/uploads/files/6855c-2_medium.png
1485,0,French-SD,FR-France 24 SD,FR-France 24 SD,France24.fr,https://cms123456.com/assets/uploads/files/5fb5a-42_medium.png
1398,0,French-SD,FR-France 3 SD,FR-France 3 SD,France3.fr,https://cms123456.com/assets/uploads/files/d9423-3_medium.png
1399,0,French-SD,FR-France 4 SD,FR-France 4 SD,France4.fr,https://cms123456.com/assets/uploads/files/06545-4_medium.png
1400,0,French-SD,FR-France 5 SD,FR-France 5 SD,France5.fr,https://cms123456.com/assets/uploads/files/3151b-5_medium.png
1407,0,French-SD,FR-Franceinfo SD,FR-Franceinfo SD,FranceInfo.fr,https://cms123456.com/assets/uploads/files/c2a8d-c300.png
1466,0,French-SD,FR-Game One SD,FR-Game One SD,GameOne.fr,https://cms123456.com/assets/uploads/files/2bf4e-111_medium.png
1464,0,French-SD,FR-Golf Channel SD,FR-Golf Channel SD,GolfChannel.fr,https://cms123456.com/assets/uploads/files/50792-a21d9-golf.jpg
1409,0,French-SD,FR-Gulli SD,FR-Gulli SD,Gulli.fr,https://cms123456.com/assets/uploads/files/303b1-20_medium.png
1482,0,French-SD,FR-Histoire SD,FR-Histoire SD,Histoire.fr,https://cms123456.com/assets/uploads/files/46622-histoire.png
1488,0,French-SD,FR-InfoSport SD,FR-InfoSport SD,Infosport.fr,https://cms123456.com/assets/uploads/files/159a6-126_medium.png
1413,0,French-SD,FR-L Equipe SD,FR-L Equipe SD,EquipeTV.fr,https://cms123456.com/assets/uploads/files/7c4d2-1124_medium.png
1418,0,French-SD,FR-LCI SD,FR-LCI SD,LCI.fr,https://cms123456.com/assets/uploads/files/b9c63-197_mini.png
1406,0,French-SD,FR-LCP SD,FR-LCP SD,LCP.fr,https://cms123456.com/assets/uploads/files/56c05-16_medium.png
1463,0,French-SD,FR-Lucky Jack SD,FR-Lucky Jack SD,LuckyJack.fr,https://cms123456.com/assets/uploads/files/48513-lucky-jack-tv.jpg
1401,0,French-SD,FR-M6 SD,FR-M6 SD,M6.fr,https://cms123456.com/assets/uploads/files/3c61c-8_medium.png
1504,0,French-SD,FR-MANGAS SD,FR-MANGAS SD,Mangas.fr,https://cms123456.com/assets/uploads/files/2a463-110_medium.png
1474,0,French-SD,FR-MCM SD,FR-MCM SD,MCM.fr,https://cms123456.com/assets/uploads/files/3daea-91_medium.png
1473,0,French-SD,FR-NRJ Hits SD,FR-NRJ Hits SD,NRJHits.fr,https://cms123456.com/assets/uploads/files/ca8c2-41_medium.png
1480,0,French-SD,FR-NatGeo Wild SD,FR-NatGeo Wild SD,NatGeoWildHD.fr,https://cms123456.com/assets/uploads/files/c979d-324_medium.png
1479,0,French-SD,FR-National Geographic SD,FR-National Geographic SD,NationalGeographic.fr,https://cms123456.com/assets/uploads/files/94dfd-275_medium.png
1498,0,French-SD,FR-Nickelodeon JR SD,FR-Nickelodeon JR SD,NickJr.fr,https://cms123456.com/assets/uploads/files/9c937-telechargement.jpg
1499,0,French-SD,FR-Nickelodeon SD,FR-Nickelodeon SD,Nickelodeon.fr,https://cms123456.com/assets/uploads/files/78461-196_medium.png
1432,0,French-SD,FR-OCS Choc SD,FR-OCS Choc SD,,https://cms123456.com/assets/uploads/files/385aa-7241f-170-choc.png
1431,0,French-SD,FR-OCS City SD,FR-OCS City SD,,https://cms123456.com/assets/uploads/files/e86b7-67fa0-170-city.png
1433,0,French-SD,FR-OCS Geants SD,FR-OCS Geants SD,OCSGeants.fr,https://cms123456.com/assets/uploads/files/c5975-15520-170-geants.png
1430,0,French-SD,FR-OCS Max SD,FR-OCS Max SD,OCSMax.fr,https://cms123456.com/assets/uploads/files/bd484-42854-170-max.png
1467,0,French-SD,FR-Paramount Channel SD,FR-Paramount Channel SD,ParamountChannel.fr,https://cms123456.com/assets/uploads/files/40aaf-770_medium.png
1470,0,French-SD,FR-Paris Premiere SD,FR-Paris Premiere SD,ParisPremiere.fr,https://cms123456.com/assets/uploads/files/3c243-65_medium.png
1495,0,French-SD,FR-Piwi+ SD,FR-Piwi+ SD,PIWI.fr,https://cms123456.com/assets/uploads/files/67b55-278_medium.png
1477,0,French-SD,FR-Planete+ AE SD,FR-Planete+ AE SD,Planete+AventureExperience.fr,https://cms123456.com/assets/uploads/files/279c6-images.jpeg
1478,0,French-SD,FR-Planete+ CI SD,FR-Planete+ CI SD,Planete+CrimeInvestigation.fr,https://cms123456.com/assets/uploads/files/e2d85-planete-c.i.-hd.png
1476,0,French-SD,FR-Planete+ SD,FR-Planete+ SD,PLANETE.fr,https://cms123456.com/assets/uploads/files/387a1-240_medium.png
1416,0,French-SD,FR-RMC Decouverte SD,FR-RMC Decouverte SD,RMCdecouverte.fr,https://cms123456.com/assets/uploads/files/5346f-624_medium.png
1434,0,French-SD,FR-RMC Sport 1 SD,FR-RMC Sport 1 SD,RMCSport1.fr,https://cms123456.com/assets/uploads/files/98ef1-e00f8-rmcsport1.png
1435,0,French-SD,FR-RMC Sport 2 SD,FR-RMC Sport 2 SD,,https://cms123456.com/assets/uploads/files/0e477-d15a1-rmcsport2.png
1415,0,French-SD,FR-RMC Story SD,FR-RMC Story SD,RMCStory.fr,https://cms123456.com/assets/uploads/files/dbedd-1155_medium.png
1453,0,French-SD,FR-RTL9 SD,FR-RTL9 SD,RTL9.fr,https://cms123456.com/assets/uploads/files/ec878-12_medium.png
1461,0,French-SD,FR-Science et Vie SD,FR-Science et Vie SD,ScienceVie.fr,https://cms123456.com/assets/uploads/files/8409e-ab936-science_et_vie_tv_fr.png
1475,0,French-SD,FR-Seasons SD,FR-Seasons SD,Seasons.fr,https://cms123456.com/assets/uploads/files/a7f79-248_medium.png
1472,0,French-SD,FR-Serie Club SD,FR-Serie Club SD,SerieClub.fr,https://cms123456.com/assets/uploads/files/c8176-243_medium.png
1451,0,French-SD,FR-SyFy SD,FR-SyFy SD,Syfy.fr,https://cms123456.com/assets/uploads/files/6936d-299_medium.png
1422,0,French-SD,FR-T18 SD,FR-T18 SD,CanalplusSeries.fr,https://cms123456.com/assets/uploads/files/2376d-635_medium.png
1471,0,French-SD,FR-TCM SD,FR-TCM SD,TCM.fr,https://cms123456.com/assets/uploads/files/7c445-89_medium.png
1396,0,French-SD,FR-TF1 SD,FR-TF1 SD,TF1.fr,https://cms123456.com/assets/uploads/files/717a4-1_medium.png
1412,0,French-SD,FR-TF1 Series Films SD,FR-TF1 Series Films SD,TF1SeriesFilms.fr,https://cms123456.com/assets/uploads/files/3380b-tf1sf.png
1405,0,French-SD,FR-TFX SD,FR-TFX SD,TFX.fr,https://cms123456.com/assets/uploads/files/944a2-1145_medium.png
1404,0,French-SD,FR-TMC SD,FR-TMC SD,TMC.fr,https://cms123456.com/assets/uploads/files/61d2c-13_medium.png
1469,0,French-SD,FR-TV Breizh SD,FR-TV Breizh SD,,https://cms123456.com/assets/uploads/files/1c407-261_medium.png
1484,0,French-SD,FR-TV5 Monde SD,FR-TV5 Monde SD,TV5Monde.fr,https://cms123456.com/assets/uploads/files/c8cd5-21_medium.png
1501,0,French-SD,FR-TeleTOON SD,FR-TeleTOON SD,TeleTOON.fr,https://cms123456.com/assets/uploads/files/4d10c-252_medium.png
1468,0,French-SD,FR-Teva SD,FR-Teva SD,Teva.fr,https://cms123456.com/assets/uploads/files/6ea3c-33_medium.png
1502,0,French-SD,FR-Tiji SD,FR-Tiji SD,Tiji.fr,https://cms123456.com/assets/uploads/files/0b512-262_medium.png
1500,0,French-SD,FR-Toonami SD,FR-Toonami SD,Toonami.fr,https://cms123456.com/assets/uploads/files/2f75e-tv-kids.jpg
1460,0,French-SD,FR-Toute L Histoire SD,FR-Toute L Histoire SD,TouteHistoire.fr,https://cms123456.com/assets/uploads/files/94590-274_medium.png
1457,0,French-SD,FR-Trek SD,FR-Trek SD,Trek.fr,https://cms123456.com/assets/uploads/files/0722d-1100_medium.png
1481,0,French-SD,FR-Ushuaïa SD,FR-Ushuaïa SD,UshuaiaTV.fr,https://cms123456.com/assets/uploads/files/c848f-298_medium.png
1403,0,French-SD,FR-W9 SD,FR-W9 SD,W9.fr,https://cms123456.com/assets/uploads/files/4f545-11_medium.png
1439,0,French-SD,FR-bein MAX 4 SD,FR-bein MAX 4 SD,BeInSportMax4.fr,https://cms123456.com/assets/uploads/files/5ce9c-2a149-max4.png
1449,0,French-SD,FR-novo19,FR-novo19,,https://cms123456.com/assets/uploads/files/dbc8a-41c18-df.png
1505,0,French-SD,Fr- Canal+Docs SD,Fr- Canal+Docs SD,Canal+Docs.fr,
2191,0,Spain,ESP- Dazn 1,ESP- Dazn 1,,
2192,0,Spain,ESP- Dazn 2,ESP- Dazn 2,,
2101,0,Spain,ESP- Star Channel,ESP- Star Channel,,https://cms123456.com/assets/uploads/files/14cb5-fox_wordmark.svg.png
2152,0,Spain,ESP- TEN,ESP- TEN,,https://cms123456.com/assets/uploads/files/88376-telechargement-16-.png
2189,0,Spain,ESP-#0,ESP-#0,,
2188,0,Spain,ESP-#Vamos,ESP-#Vamos,,https://cms123456.com/assets/uploads/files/139a8-_hds7rb__400x400.jpg
2145,0,Spain,ESP-24HORAS,ESP-24HORAS,,https://cms123456.com/assets/uploads/files/48bd2-telechargement-2-.jpg
2164,0,Spain,ESP-AMC,ESP-AMC,,https://cms123456.com/assets/uploads/files/22755-amc-tv-logo.png
2090,0,Spain,ESP-ANTENNA3,ESP-ANTENNA3,,https://cms123456.com/assets/uploads/files/c683e-antena_3.svg.png
2154,0,Spain,ESP-ARAGON TV,ESP-ARAGON TV,,https://cms123456.com/assets/uploads/files/a5354-telechargement-16-.png
2104,0,Spain,ESP-AXN_HD,ESP-AXN_HD,,https://cms123456.com/assets/uploads/files/b21a9-axn_logo_-2015-.svg.png
2103,0,Spain,ESP-AXN_White,ESP-AXN_White,,https://cms123456.com/assets/uploads/files/790b1-telechargement-4-.png
2167,0,Spain,ESP-Atreseries,ESP-Atreseries,,https://cms123456.com/assets/uploads/files/1514c-telechargement.jpg
2128,0,Spain,ESP-BE.MAD,ESP-BE.MAD,,https://cms123456.com/assets/uploads/files/37d19-telechargement-9-.png
2143,0,Spain,ESP-BOING,ESP-BOING,,https://cms123456.com/assets/uploads/files/58c86-boing_2020.svg.png
2153,0,Spain,ESP-BOM CINE,ESP-BOM CINE,,https://cms123456.com/assets/uploads/files/34e7e-telechargement-16-.png
2123,0,Spain,ESP-Barca,ESP-Barca,,https://cms123456.com/assets/uploads/files/cb0bd-cbadbeea-b6a9-47f2-a715-bf161750101c_alta-libre-aspect-ratio_default_0.jpg
2159,0,Spain,ESP-Bein_Sport _HD,ESP-Bein_Sport _HD,,
2177,0,Spain,ESP-Blaze,ESP-Blaze,,https://cms123456.com/assets/uploads/files/8964b-1200px-blaze_-_2016_logo.svg.png
2137,0,Spain,ESP-CANAL+DEPORTES-2_HD,ESP-CANAL+DEPORTES-2_HD,,https://cms123456.com/assets/uploads/files/388f2-1200px-movistar_deportes_2.svg.png
2093,0,Spain,ESP-CAZA_Y_PESCA,ESP-CAZA_Y_PESCA,,https://cms123456.com/assets/uploads/files/c27cb-caza-pesca_m-.png
2158,0,Spain,ESP-CGTN,ESP-CGTN,,https://cms123456.com/assets/uploads/files/0c16c-unnamed-2-.png
2144,0,Spain,ESP-CLAN-TVE,ESP-CLAN-TVE,,https://cms123456.com/assets/uploads/files/d66ed-clan_tve_logo.svg.png
2127,0,Spain,ESP-CRIMEN+ INVESTIGATION,ESP-CRIMEN+ INVESTIGATION,,https://cms123456.com/assets/uploads/files/e96dd-telechargement-6-.png
2091,0,Spain,ESP-CUATRO,ESP-CUATRO,,https://cms123456.com/assets/uploads/files/2daaa-telechargement-1-.png
2106,0,Spain,ESP-Calle_13_Spain,ESP-Calle_13_Spain,,https://cms123456.com/assets/uploads/files/7ca9d-unnamed.jpg
2134,0,Spain,ESP-Canal+Toros,ESP-Canal+Toros,,https://cms123456.com/assets/uploads/files/8480a-d29a16fb-ad13-4a44-b9a0-767cbc1746d9_16-9-discover-aspect-ratio_default_0.jpg
2132,0,Spain,ESP-Canal+sur.a,ESP-Canal+sur.a,,https://cms123456.com/assets/uploads/files/e9dba-unnamed-3-.jpg
2133,0,Spain,ESP-Canal_ORBE,ESP-Canal_ORBE,,https://cms123456.com/assets/uploads/files/9cd60-unnamed-2-.jpg
2151,0,Spain,ESP-Caracol,ESP-Caracol,,https://cms123456.com/assets/uploads/files/4b551-telechargement-16-.png
2187,0,Spain,ESP-Classica,ESP-Classica,,https://cms123456.com/assets/uploads/files/15153-logo_classica_bandeau_noir.jpg
2163,0,Spain,ESP-Comedy Central,ESP-Comedy Central,,https://cms123456.com/assets/uploads/files/1c572-comedy_central.jpg
2107,0,Spain,ESP-Cosmo,ESP-Cosmo,,https://cms123456.com/assets/uploads/files/d2b72-unnamed-1-.jpg
2146,0,Spain,ESP-DAZN 3,ESP-DAZN 3,,https://cms123456.com/assets/uploads/files/77c23-telechargement-16-.png
2129,0,Spain,ESP-DISNEY+,ESP-DISNEY+,,https://cms123456.com/assets/uploads/files/18d2e-disney-_logo.svg.png
2131,0,Spain,ESP-DISNEY_CHANNEL,ESP-DISNEY_CHANNEL,,https://cms123456.com/assets/uploads/files/9e451-disneychannelemea.svg.png
2130,0,Spain,ESP-DISNEY_JUNIOR,ESP-DISNEY_JUNIOR,,https://cms123456.com/assets/uploads/files/4d5f5-disney_junior.svg.png
2096,0,Spain,ESP-DIVINITY,ESP-DIVINITY,,https://cms123456.com/assets/uploads/files/bf812-telechargement-8-.png
2150,0,Spain,ESP-DKISS,ESP-DKISS,,https://cms123456.com/assets/uploads/files/7c17e-telechargement-16-.png
2179,0,Spain,ESP-DMAX,ESP-DMAX,,https://cms123456.com/assets/uploads/files/9b8a8-dmax_logo_16_05_2011.jpg
2147,0,Spain,ESP-Dazn 4,ESP-Dazn 4,,https://cms123456.com/assets/uploads/files/18de2-telechargement-16-.png
2124,0,Spain,ESP-Dazn Formula1,ESP-Dazn Formula1,,https://cms123456.com/assets/uploads/files/8f501-movistar_formula_1.svg.png
2108,0,Spain,ESP-Discovry_Chaneel,ESP-Discovry_Chaneel,,https://cms123456.com/assets/uploads/files/55237-512px-discovery_channel_-_logo_2019.svg.png
2097,0,Spain,ESP-ENERGY,ESP-ENERGY,,https://cms123456.com/assets/uploads/files/df9e2-energy.svg.png
2149,0,Spain,ESP-ETB 1,ESP-ETB 1,,https://cms123456.com/assets/uploads/files/857d4-telechargement-16-.png
2180,0,Spain,ESP-Euronews,ESP-Euronews,,https://cms123456.com/assets/uploads/files/a86a0-channels4_profile-1-.jpg
2175,0,Spain,ESP-Eurosport 1,ESP-Eurosport 1,,https://cms123456.com/assets/uploads/files/cc37c-eurosport_1_logo_2015.svg.png
2176,0,Spain,ESP-Eurosport 2,ESP-Eurosport 2,,https://cms123456.com/assets/uploads/files/acc35-eurosport_2_logo.jpg
2095,0,Spain,ESP-FDF,ESP-FDF,,https://cms123456.com/assets/uploads/files/780b3-fdf-512.png
2155,0,Spain,ESP-FUTBOL_HD,ESP-FUTBOL_HD,,https://cms123456.com/assets/uploads/files/50903-movistar_futbol.svg.png
2182,0,Spain,ESP-France 24,ESP-France 24,,https://cms123456.com/assets/uploads/files/c3e1d-1200px-logos_france24_rvb_2013.svg.png
2125,0,Spain,ESP-GOL_TV,ESP-GOL_TV,,https://cms123456.com/assets/uploads/files/271aa-logo.png
2148,0,Spain,ESP-HIT TV,ESP-HIT TV,,https://cms123456.com/assets/uploads/files/2dcee-telechargement-16-.png
2112,0,Spain,ESP-Historia,ESP-Historia,,https://cms123456.com/assets/uploads/files/0fec7-channels4_profile.jpg
2120,0,Spain,ESP-Hollywood,ESP-Hollywood,,https://cms123456.com/assets/uploads/files/410ca-canal_hollywood.png
2156,0,Spain,ESP-IBERALIA,ESP-IBERALIA,,https://cms123456.com/assets/uploads/files/a9edf-unnamed-1-.png
2094,0,Spain,ESP-La_Sexta_HD,ESP-La_Sexta_HD,,https://cms123456.com/assets/uploads/files/31bca-la_sexta_-a3m-.svg.png
2169,0,Spain,ESP-MEGA,ESP-MEGA,,https://cms123456.com/assets/uploads/files/db3bf-01_mega_logo.svg.png
2113,0,Spain,ESP-MTV,ESP-MTV,,https://cms123456.com/assets/uploads/files/89e6e-mtv5246.jpg
2185,0,Spain,ESP-Mezzo,ESP-Mezzo,,https://cms123456.com/assets/uploads/files/3cbaa-telechargement-3-.jpg
2186,0,Spain,ESP-Mezzo Live,ESP-Mezzo Live,,https://cms123456.com/assets/uploads/files/0bce7-arton7809.png
2115,0,Spain,ESP-Movistar  Estrenos 2,ESP-Movistar  Estrenos 2,,https://cms123456.com/assets/uploads/files/2e34d-1200px-movistar_cinedoc-roll.svg.png
2114,0,Spain,ESP-Movistar Accion,ESP-Movistar Accion,,https://cms123456.com/assets/uploads/files/6035c-movistar_accion.svg.png
2100,0,Spain,ESP-Movistar Cine Ñ,ESP-Movistar Cine Ñ,,https://cms123456.com/assets/uploads/files/39b5a-2560px-movistar_cine_espanol.svg.png
2116,0,Spain,ESP-Movistar Cocina,ESP-Movistar Cocina,,https://cms123456.com/assets/uploads/files/ef28a-images.png
2105,0,Spain,ESP-Movistar Comedia,ESP-Movistar Comedia,,https://cms123456.com/assets/uploads/files/be7cd-movistar_comedia.svg.png
2139,0,Spain,ESP-Movistar Decasa,ESP-Movistar Decasa,,https://cms123456.com/assets/uploads/files/e7f3e-telechargement-7-.png
2136,0,Spain,ESP-Movistar Deportes,ESP-Movistar Deportes,,https://cms123456.com/assets/uploads/files/e8235-2025px-movistar_deportes_1.svg.png
2099,0,Spain,ESP-Movistar Drama,ESP-Movistar Drama,,https://cms123456.com/assets/uploads/files/2e7ad-800px-movistar_drama.svg.png
2118,0,Spain,ESP-Movistar Estrenos,ESP-Movistar Estrenos,,https://cms123456.com/assets/uploads/files/c563e-movistar_estrenos.svg.png
2126,0,Spain,ESP-Movistar Golf,ESP-Movistar Golf,,https://cms123456.com/assets/uploads/files/0a72f-2560px-movistar_golf.svg.png
2171,0,Spain,ESP-Movistar LaLiga 1,ESP-Movistar LaLiga 1,,https://cms123456.com/assets/uploads/files/c3282-movistar_laliga_1.png
2172,0,Spain,ESP-Movistar LaLiga 2,ESP-Movistar LaLiga 2,,https://cms123456.com/assets/uploads/files/8f0bb-tv-station-movistar-laliga-2-1836.png
2173,0,Spain,ESP-Movistar LaLiga 3,ESP-Movistar LaLiga 3,,https://cms123456.com/assets/uploads/files/422fc-movistar_laliga_3.png
2174,0,Spain,ESP-Movistar Liga de Campeones,ESP-Movistar Liga de Campeones,,https://cms123456.com/assets/uploads/files/e72be-800px-movistar_liga_de_campeones.svg.png
2098,0,Spain,ESP-Movistar Series,ESP-Movistar Series,,https://cms123456.com/assets/uploads/files/1ead6-telechargement-2-.png
2161,0,Spain,ESP-Movistar Series 2,ESP-Movistar Series 2,,https://cms123456.com/assets/uploads/files/6efd0-series_2_por_movistar_plus-_2022_logo.svg.png
2142,0,Spain,ESP-NICKELODEON,ESP-NICKELODEON,,https://cms123456.com/assets/uploads/files/906f0-nickelodeon_2023_logo_-alternative-.svg.png
2111,0,Spain,ESP-National_Geographic,ESP-National_Geographic,,https://cms123456.com/assets/uploads/files/7d1d2-national-geographic-logo.svg.png
2109,0,Spain,ESP-National_Geographic_Wild,ESP-National_Geographic_Wild,,https://cms123456.com/assets/uploads/files/064c2-national_geographic_wild_logo.svg.png
2166,0,Spain,ESP-Neox,ESP-Neox,,https://cms123456.com/assets/uploads/files/70a5c-telechargement-5-.png
2184,0,Spain,ESP-Nick JR,ESP-Nick JR,,https://cms123456.com/assets/uploads/files/1d491-nick_jr._logo_2023.png
2168,0,Spain,ESP-Nova,ESP-Nova,,https://cms123456.com/assets/uploads/files/cbbcd-512x512bb.jpg
2157,0,Spain,ESP-ODISEA_HD,ESP-ODISEA_HD,,https://cms123456.com/assets/uploads/files/10492-telechargement-11-.png
2140,0,Spain,ESP-PANDA,ESP-PANDA,,https://cms123456.com/assets/uploads/files/2c6ab-telechargement-13-.png
2170,0,Spain,ESP-Paramount,ESP-Paramount,,https://cms123456.com/assets/uploads/files/a6ae2-paramount_network_logo.png
2122,0,Spain,ESP-Real_Madrid,ESP-Real_Madrid,,https://cms123456.com/assets/uploads/files/cebee-real-madrid-tv-free-800x450.jpg
2181,0,Spain,ESP-Russia Today,ESP-Russia Today,,https://cms123456.com/assets/uploads/files/0b96d-russia-today-logo.svg.png
2121,0,Spain,ESP-SUNDANCE_TV,ESP-SUNDANCE_TV,,https://cms123456.com/assets/uploads/files/67cd7-telechargement-10-.png
2110,0,Spain,ESP-SYFY_HD,ESP-SYFY_HD,,https://cms123456.com/assets/uploads/files/b6d2f-unnamed.png
2165,0,Spain,ESP-Star Life,ESP-Star Life,,
2119,0,Spain,ESP-TCM,ESP-TCM,,https://cms123456.com/assets/uploads/files/de6a4-tdc68_148c_0.jpg
2092,0,Spain,ESP-TELECINCOHD,ESP-TELECINCOHD,,https://cms123456.com/assets/uploads/files/b59bb-telecinco.svg.png
2162,0,Spain,ESP-TNT,ESP-TNT,,https://cms123456.com/assets/uploads/files/44128-tnt_-tv_channel-.svg.png
2190,0,Spain,ESP-TV3,ESP-TV3,,https://cms123456.com/assets/uploads/files/33852-tv3.svg.png
2160,0,Spain,ESP-TV_Galicia,ESP-TV_Galicia,,https://cms123456.com/assets/uploads/files/d52e3-180px-television_de_galicia_logo.svg.png
2183,0,Spain,ESP-TeleSur,ESP-TeleSur,,https://cms123456.com/assets/uploads/files/733fa-unnamed-3-.png
2135,0,Spain,ESP-Teledeporte,ESP-Teledeporte,,https://cms123456.com/assets/uploads/files/aa652-150px-teledeporte.svg.png
2102,0,Spain,ESP-Telemundo,ESP-Telemundo,,https://cms123456.com/assets/uploads/files/5af15-telemundo_logo_2018.svg.png
2138,0,Spain,ESP-VH1,ESP-VH1,,https://cms123456.com/assets/uploads/files/610b8-telechargement-14-.png
2178,0,Spain,ESP-Viajar,ESP-Viajar,,https://cms123456.com/assets/uploads/files/59e76-telechargement-12-.png
2141,0,Spain,ESP-babyTV,ESP-babyTV,,https://cms123456.com/assets/uploads/files/c6e40-babytv.png
2085,0,Spain,ESP-À Punt TV,ESP-À Punt TV,,
2088,0,Spain,La 1,ESP-La_1,!$!https://heywhatson.tv/data/epg.xml!$!ES:La1.es,https://i.ibb.co/MxJNPHsn/La-1.png
2089,0,Spain,La 2,ESP-La_2,!$!https://heywhatson.tv/data/epg.xml!$!ES:La2.es,https://i.ibb.co/rfsr9PSh/La-2.png
2117,0,Spain,Movistar LaLiga,ESP-Movistar LaLiga,,https://cms123456.com/assets/uploads/files/1828f-800px-movistar_laliga.svg.png
2087,0,Spain,Tele de porte,Tele de porte,,
2086,0,Spain,Trece,Trece,,
1707,0,UK,Channel 4,Channel 4,,
1650,0,UK,UK- 5 Select ,UK- 5 Select ,,https://cms123456.com/assets/uploads/files/16822-skytwo.png
1690,0,UK,UK-5 Star,UK-5 Star,,https://cms123456.com/assets/uploads/files/d4d05-fox_crime_global.png
1688,0,UK,UK-Animal Planet,UK-Animal Planet,,https://cms123456.com/assets/uploads/files/3c8a1-animal_planet_us_hd.png
1646,0,UK,UK-BBC 1,UK-BBC 1,,https://cms123456.com/assets/uploads/files/0c481-bbc_one_hd.png
1647,0,UK,UK-BBC 2,UK-BBC 2,,https://cms123456.com/assets/uploads/files/b9de6-bbc_two_uk_hd.png
1701,0,UK,UK-BBC 4,UK-BBC 4,,https://cms123456.com/assets/uploads/files/d31fb-200px-bbc_four.svg.png
1649,0,UK,UK-BBC Scotland,UK-BBC Scotland,,https://cms123456.com/assets/uploads/files/7f6c4-200px-bbc_scotland_corporate_logo.svg.png
1648,0,UK,UK-BBC World News,UK-BBC World News,,https://cms123456.com/assets/uploads/files/1dfca-bbc_world_news_uk.png
1703,0,UK,UK-BOX NATION,UK-BOX NATION,,https://cms123456.com/assets/uploads/files/a796b-box-nation.jpg
1666,0,UK,UK-BT Sport 1,UK-BT Sport 1,,https://cms123456.com/assets/uploads/files/c5e64-bt_sport_uk_1_hd.png
1667,0,UK,UK-BT Sport 2,UK-BT Sport 2,,https://cms123456.com/assets/uploads/files/e5369-bt_sport_uk_2_hd.png
1668,0,UK,UK-BT Sport 3,UK-BT Sport 3,,https://cms123456.com/assets/uploads/files/cc585-bt_sport_uk_europe.png
1672,0,UK,UK-Baby TV,UK-Baby TV,,https://cms123456.com/assets/uploads/files/4e46d-baby_tv_uk_hd.png
1673,0,UK,UK-Boomerang,UK-Boomerang,,https://cms123456.com/assets/uploads/files/109ab-boomerang_global_hd.png
1675,0,UK,UK-CARTOON NETWORK,UK-CARTOON NETWORK,,
1699,0,UK,UK-CBBC,UK-CBBC,,https://cms123456.com/assets/uploads/files/817bc-cbbc_2016_logo.svg.png
1691,0,UK,UK-CBS Justice,UK-CBS Justice,,https://cms123456.com/assets/uploads/files/ddd90-cbs_action.png
1704,0,UK,UK-COMEDY EXTRA,UK-COMEDY EXTRA,,
1674,0,UK,UK-Cartoonito,UK-Cartoonito,,https://cms123456.com/assets/uploads/files/47a77-cartoonito_us.png
1705,0,UK,UK-Channel 5,UK-Channel 5,,https://cms123456.com/assets/uploads/files/29192-channel_5_-uk-_2016.svg.png
1692,0,UK,UK-Comedy Central,UK-Comedy Central,,https://cms123456.com/assets/uploads/files/4f395-comedy_central_us_hd.png
1682,0,UK,UK-Discovery Channel,UK-Discovery Channel,,https://cms123456.com/assets/uploads/files/7b073-discovery_global_us_hd.png
1683,0,UK,UK-Discovery History,UK-Discovery History,,https://cms123456.com/assets/uploads/files/59e37-discovery_history.png
1686,0,UK,UK-Discovery Investigation,UK-Discovery Investigation,,https://cms123456.com/assets/uploads/files/51d84-investigation_discovery_us-1-.png
1684,0,UK,UK-Discovery Science,UK-Discovery Science,,https://cms123456.com/assets/uploads/files/45a1b-discovery_science_global_hd.png
1685,0,UK,UK-Discovery Turbo,UK-Discovery Turbo,,https://cms123456.com/assets/uploads/files/eeb65-discovery_turbo_us.png
1676,0,UK,UK-Disney Channel,UK-Disney Channel,,https://cms123456.com/assets/uploads/files/de0f2-disney_channel_global_hd.png
1677,0,UK,UK-Disney Junior,UK-Disney Junior,,https://cms123456.com/assets/uploads/files/a27cf-5686b-339_medium.png
1678,0,UK,UK-Disney XD,UK-Disney XD,,https://cms123456.com/assets/uploads/files/8a2a6-disney_xd_us_hd.png
1669,0,UK,UK-Eurosport 1,UK-Eurosport 1,,https://cms123456.com/assets/uploads/files/d49ef-british_eurosport_1.png
1670,0,UK,UK-Eurosport 2,UK-Eurosport 2,,https://cms123456.com/assets/uploads/files/28c15-british_eurosport_2.png
1689,0,UK,UK-FOX,UK-FOX,,https://cms123456.com/assets/uploads/files/1f148-fox_movies_pt.png
1702,0,UK,UK-ITV 1,UK-ITV 1,,https://cms123456.com/assets/uploads/files/0d3f7-itv_uk_hd.png
1700,0,UK,UK-ITV 2,UK-ITV 2,,https://cms123456.com/assets/uploads/files/71230-itv_uk_2_hd.png
1661,0,UK,UK-ITV 3,UK-ITV 3,,https://cms123456.com/assets/uploads/files/4ebc9-sky_de_cinema_hd.png
1706,0,UK,UK-MTV Classic,UK-MTV Classic,,https://cms123456.com/assets/uploads/files/84676-telechargement.png
1693,0,UK,UK-MTV Hits,UK-MTV Hits,,https://cms123456.com/assets/uploads/files/167ae-mtv_hits_us_global.png
1694,0,UK,UK-MTV Music,UK-MTV Music,,https://cms123456.com/assets/uploads/files/dd31a-mtv_music_uk.png
1671,0,UK,UK-MU TV,UK-MU TV,,https://cms123456.com/assets/uploads/files/050f4-mutv.png
1695,0,UK,UK-Motors TV,UK-Motors TV,,
1696,0,UK,UK-Movies 4 Men,UK-Movies 4 Men,,https://cms123456.com/assets/uploads/files/7f238-movies4men.png
1681,0,UK,UK-NICK JUNIOR,UK-NICK JUNIOR,,
1679,0,UK,UK-Nickelodeon,UK-Nickelodeon,,https://cms123456.com/assets/uploads/files/84670-nickelodeon_us.png
1680,0,UK,UK-Nicktoons,UK-Nicktoons,,https://cms123456.com/assets/uploads/files/a1a09-nick_toons_us.png
1697,0,UK,UK-Premier Sport,UK-Premier Sport,,https://cms123456.com/assets/uploads/files/8823b-download.png
1651,0,UK,UK-SKY NEWS,UK-SKY NEWS,,
1709,0,UK,UK-Sky Arts,UK-Sky Arts,,https://cms123456.com/assets/uploads/files/87c1b-sky_arts_2020.png
1653,0,UK,UK-Sky Atlantic,UK-Sky Atlantic,,https://cms123456.com/assets/uploads/files/9c9a5-sky_uk_atlantic_ie.png
1654,0,UK,UK-Sky Cinema Action,UK-Sky Cinema Action,,https://cms123456.com/assets/uploads/files/b87a9-sky_de_cinema_action.png
1655,0,UK,UK-Sky Cinema Comedy,UK-Sky Cinema Comedy,,https://cms123456.com/assets/uploads/files/c68e6-sky_it_cinema_comedy_hd.png
1656,0,UK,UK-Sky Cinema Drama,UK-Sky Cinema Drama,,https://cms123456.com/assets/uploads/files/efc12-sky_uk_cinema_drama_romance.png
1657,0,UK,UK-Sky Cinema Family,UK-Sky Cinema Family,,https://cms123456.com/assets/uploads/files/22690-sky_de_cinema_family_hd.png
1663,0,UK,UK-Sky Cinema Greats,UK-Sky Cinema Greats,,https://cms123456.com/assets/uploads/files/12d5b-sky_uk_cinema_greats.png
1658,0,UK,UK-Sky Cinema Premiere,UK-Sky Cinema Premiere,,https://cms123456.com/assets/uploads/files/4f0f0-sky_uk_cinema_premiere.png
1659,0,UK,UK-Sky Cinema Sci Fi & Horror,UK-Sky Cinema Sci Fi & Horror,,https://cms123456.com/assets/uploads/files/eb08a-sky_uk_cinema_scifi_horror.png
1660,0,UK,UK-Sky Cinema Select,UK-Sky Cinema Select,,https://cms123456.com/assets/uploads/files/be247-sky_uk_cinema_select.png
1662,0,UK,UK-Sky Cinema Thriller,UK-Sky Cinema Thriller,,https://cms123456.com/assets/uploads/files/eb519-sky_uk_cinema_crime_thriller.png
1687,0,UK,UK-Sky Crime,UK-Sky Crime,,https://cms123456.com/assets/uploads/files/26b78-crime_investigation_us-1-.png
1652,0,UK,UK-Sky One,UK-Sky One,,https://cms123456.com/assets/uploads/files/0b3be-skychb1402-e1510583202908.png
1664,0,UK,UK-Sky Sports F1,UK-Sky Sports F1,,https://cms123456.com/assets/uploads/files/88cf6-sky_it_sport_f1_hd.png
1665,0,UK,UK-Sky Sports News,UK-Sky Sports News,,https://cms123456.com/assets/uploads/files/aeb09-sky_uk_sports_news_hq.png
1698,0,UK,UK-premier sport 2,UK-premier sport 2,,https://cms123456.com/assets/uploads/files/0cb7a-640px-setanta-logo.jpg
1708,0,UK,Uk- Sky Sports Premier League,Uk- Sky Sports Premier League,,
1787,0,USA,Bravo,Bravo,,
1791,0,USA,CARTOON NETWORK,CARTOON NETWORK,,
1790,0,USA,Disney JNR,Disney JNR,,
1789,0,USA,Disney XD,Disney XD,,
1788,0,USA,E!,E!,,
1750,0,USA,Tennis Plus 1,Tennis Plus 1,,https://cms123456.com/assets/uploads/files/31f63-26be7340-5cc9-4323-bbbd-35f4cb09b275-medium16x9_channellogos_white1251x125101.png
1759,0,USA,Tennis Plus 10,Tennis Plus 10,,https://cms123456.com/assets/uploads/files/6f1ad-0b1e369c-0cc9-4a74-b26a-5b2a84fdf01d-medium16x9_channellogos_white1251x125112.png
1751,0,USA,Tennis Plus 2,Tennis Plus 2,,https://cms123456.com/assets/uploads/files/396ef-6112a742-2737-4ae0-9612-24062491f2dc-medium16x9_channellogos_white1251x125102.png
1752,0,USA,Tennis Plus 3,Tennis Plus 3,,https://cms123456.com/assets/uploads/files/c4e6f-f6772994-3ec6-4823-9892-b2ba03c25733-medium16x9_channellogos_white1251x125103.png
1753,0,USA,Tennis Plus 4,Tennis Plus 4,,https://cms123456.com/assets/uploads/files/10473-b514b66c-221e-441f-93c5-9d007effd154-medium16x9_channellogos_white1251x125104.png
1754,0,USA,Tennis Plus 5,Tennis Plus 5,,https://cms123456.com/assets/uploads/files/6982e-c6dda2dd-7923-4e3c-ae22-02c3c420d16d-medium16x9_channellogos_white1251x125105.png
1755,0,USA,Tennis Plus 6,Tennis Plus 6,,https://cms123456.com/assets/uploads/files/52422-b2ff8064-7899-44e2-8293-7cd97fcbef7d-medium16x9_channellogos_white1251x125106.png
1756,0,USA,Tennis Plus 7,Tennis Plus 7,,https://cms123456.com/assets/uploads/files/2b5c9-00661484-99e5-493c-a4a6-5064529bae6a-medium16x9_channellogos_white1251x125107.png
1757,0,USA,Tennis Plus 8,Tennis Plus 8,,https://cms123456.com/assets/uploads/files/18239-d3927fad-9c55-426e-bd75-c2de7dd890eb-medium16x9_channellogos_white1251x125108.png
1758,0,USA,Tennis Plus 9,Tennis Plus 9,,https://cms123456.com/assets/uploads/files/4a21f-93670407-2724-4367-b43e-2cdb3ed8af22-medium16x9_channellogos_white1251x125111.png
1749,0,USA,The T Channel,The T Channel,,https://cms123456.com/assets/uploads/files/68ab3-dee6b67f-3ee6-45ad-b6ce-85310e8ed4d0-medium16x9_thetchannelv4.png
1778,0,USA,The Tennis Channel,The Tennis Channel,,https://cms123456.com/assets/uploads/files/10d17-5e99f6de-b8e7-41f9-bdc9-a207404bab19-medium16x9_tennischannellogo_white1251x1251081.png
1786,0,USA,US-Russia Today USA,US-Russia Today USA,,https://cms123456.com/assets/uploads/files/35c1f-russia-today-logo.svg.png
1772,0,USA,USA- Action max,USA- Action max,,
1770,0,USA,USA- American Heroes Channel,USA- American Heroes Channel,,
1775,0,USA,USA- Animal Planet,USA- Animal Planet,,
1784,0,USA,USA- CINEMAX ACTION MAX EAST,USA- CINEMAX ACTION MAX EAST,,
1783,0,USA,USA- CINEMAX EAST,USA- CINEMAX EAST,,
1782,0,USA,USA- CINEMAX MOVIEMAX,USA- CINEMAX MOVIEMAX,,
1781,0,USA,USA- CINEMAX OUTER MAX,USA- CINEMAX OUTER MAX,,
1780,0,USA,USA- CINEMAX THRILLERMAX HD,USA- CINEMAX THRILLERMAX HD,,
1779,0,USA,USA- CINEMAXX MORE MAXX,USA- CINEMAXX MORE MAXX,,
1761,0,USA,USA- EPIX,USA- EPIX,,
1762,0,USA,USA- EPIX 2,USA- EPIX 2,,
1763,0,USA,USA- EPIX Hits,USA- EPIX Hits,,
1766,0,USA,USA- FXM,USA- FXM,,
1764,0,USA,USA- FXX,USA- FXX,,
1765,0,USA,USA- Fox Fusiness,USA- Fox Fusiness,,
1767,0,USA,USA- IFC,USA- IFC,,
1776,0,USA,USA- MAV TV,USA- MAV TV,,
1777,0,USA,USA- MLB Network,USA- MLB Network,,
1785,0,USA,USA- MSNBC,USA- MSNBC,,
1774,0,USA,USA- Me TV,USA- Me TV,,
1768,0,USA,USA- Nickelodeon,USA- Nickelodeon,,
1769,0,USA,USA- QVC,USA- QVC,,
1771,0,USA,USA- Red Bull tv,USA- Red Bull tv,,
1773,0,USA,USA- Starz Kids & Family,USA- Starz Kids & Family,,
1760,0,USA,USA- UFC Fight Pass,USA- UFC Fight Pass,,
1730,0,USA,USA-A&E,USA-A&E,,
1716,0,USA,USA-ABC,USA-ABC,,https://cms123456.com/assets/uploads/files/4221d-abc-logo.jpg
1715,0,USA,USA-ABC-NEWS,USA-ABC-NEWS,,https://cms123456.com/assets/uploads/files/60b8a-abcn.png
1748,0,USA,USA-ABN,USA-ABN,,https://cms123456.com/assets/uploads/files/0a00c-2def0-fr-recupere.png
1727,0,USA,USA-AMC,USA-AMC,,https://cms123456.com/assets/uploads/files/92aa8-amc.png
1740,0,USA,USA-Bloomberg,USA-Bloomberg,,https://cms123456.com/assets/uploads/files/326ff-2def0-fr-recupere.png
1714,0,USA,USA-CBSN,USA-CBSN,,https://cms123456.com/assets/uploads/files/046c7-450.png
1713,0,USA,USA-CNBC,USA-CNBC,,https://cms123456.com/assets/uploads/files/4885c-thumb-cnbc-2013-01-29.jpg
1710,0,USA,USA-CNN,USA-CNN,,https://cms123456.com/assets/uploads/files/4e8ae-cnn-logo.png
1728,0,USA,USA-CW,USA-CW,,https://cms123456.com/assets/uploads/files/5243f-cw.png
1735,0,USA,USA-CineMax,USA-CineMax,,https://cms123456.com/assets/uploads/files/b5313-2def0-fr-recupere.png
1741,0,USA,USA-ESPN,USA-ESPN,,https://cms123456.com/assets/uploads/files/11108-2def0-fr-recupere.png
1742,0,USA,USA-ESPN-2,USA-ESPN-2,,https://cms123456.com/assets/uploads/files/40b69-2def0-fr-recupere.png
1717,0,USA,USA-FOX,USA-FOX,,https://cms123456.com/assets/uploads/files/dad5d-fox.png
1737,0,USA,USA-FX_US,USA-FX_US,,https://cms123456.com/assets/uploads/files/f04b2-2def0-fr-recupere.png
1718,0,USA,USA-Fox-News,USA-Fox-News,,https://cms123456.com/assets/uploads/files/ec305-acevvvedo-foxnews.jpg
1719,0,USA,USA-Fox-Sports-1,USA-Fox-Sports-1,,https://cms123456.com/assets/uploads/files/ccc10-fox-sports-1-logo__onecolumn.gif
1720,0,USA,USA-Fox-Sports-2,USA-Fox-Sports-2,,https://cms123456.com/assets/uploads/files/703db-acevvvedo-foxnews.jpg
1792,0,USA,USA-GOLF CHANNEL ,USA-GOLF CHANNEL ,,
1723,0,USA,USA-HBO-1,USA-HBO-1,,https://cms123456.com/assets/uploads/files/2e983-hbo-150x150.jpg
1724,0,USA,USA-HBO-2,USA-HBO-2,,https://cms123456.com/assets/uploads/files/3500e-brand.gif
1725,0,USA,USA-HBO_FAMILY,USA-HBO_FAMILY,,https://cms123456.com/assets/uploads/files/936ee-hbo_family.png
1726,0,USA,USA-HBO_ZONE,USA-HBO_ZONE,,https://cms123456.com/assets/uploads/files/4fa98-hboz.png
1747,0,USA,USA-HISTORY,USA-HISTORY,,https://cms123456.com/assets/uploads/files/9a9ae-2def0-fr-recupere.png
1736,0,USA,USA-Hallmark,USA-Hallmark,,https://cms123456.com/assets/uploads/files/7e893-2def0-fr-recupere.png
1738,0,USA,USA-Lifetime,USA-Lifetime,,
1746,0,USA,USA-MTV-Live,USA-MTV-Live,,https://cms123456.com/assets/uploads/files/78755-mtv_live_logo.png
1743,0,USA,USA-NBA-TV,USA-NBA-TV,,https://cms123456.com/assets/uploads/files/623af-2def0-fr-recupere.png
1711,0,USA,USA-NBC,USA-NBC,,https://cms123456.com/assets/uploads/files/357b9-nbc-logo.jpg
1712,0,USA,USA-NBCSN,USA-NBCSN,,https://cms123456.com/assets/uploads/files/2bb42-28sdmrtr.jpg
1744,0,USA,USA-NFL-NETWORK,USA-NFL-NETWORK,,https://cms123456.com/assets/uploads/files/23482-nflnetwork_logo__120921162856.jpg
1745,0,USA,USA-NHL-NETWORK,USA-NHL-NETWORK,,https://cms123456.com/assets/uploads/files/8430e-2def0-fr-recupere.png
1721,0,USA,USA-SHOWTIME-1,USA-SHOWTIME-1,,https://cms123456.com/assets/uploads/files/e55dd-photo-1-.jpg
1722,0,USA,USA-SHOWTIME-2,USA-SHOWTIME-2,,https://cms123456.com/assets/uploads/files/af8b9-photo-2-.jpg
1731,0,USA,USA-STARZ_CINEMA,USA-STARZ_CINEMA,,https://cms123456.com/assets/uploads/files/1319c-sans-titre-1.png
1732,0,USA,USA-STARZ_COMEDY,USA-STARZ_COMEDY,,https://cms123456.com/assets/uploads/files/b55a1-sans-titre-1.png
1733,0,USA,USA-STARZ_EDGE,USA-STARZ_EDGE,,https://cms123456.com/assets/uploads/files/bd6c9-sans-titre-1.png
1734,0,USA,USA-SYFY,USA-SYFY,,https://cms123456.com/assets/uploads/files/e0165-syfy_logo_small.jpg
1729,0,USA,USA-USA-NETWORK,USA-USA-NETWORK,,https://cms123456.com/assets/uploads/files/38460-usan.png
1739,0,USA,USA-WWEHD,USA-WWEHD,,https://cms123456.com/assets/uploads/files/ce217-2def0-fr-recupere.png
650,0,beIN FHD,beIN 1 FHD,beIN 1 FHD,beINSports1.qa,https://cms123456.com/assets/uploads/files/9af83-0d084-bein.jpg
651,0,beIN FHD,beIN 2 FHD,beIN 2 FHD,beINSports2.qa,https://cms123456.com/assets/uploads/files/2f6c3-0d084-bein.jpg
652,0,beIN FHD,beIN 3 FHD,beIN 3 FHD,beINSports3.qa,https://cms123456.com/assets/uploads/files/430bd-0d084-bein.jpg
653,0,beIN FHD,beIN 4 FHD,beIN 4 FHD,beINSports4.qa,https://cms123456.com/assets/uploads/files/65a11-bein.jpg
654,0,beIN FHD,beIN 5 FHD,beIN 5 FHD,beINSports5.qa,https://cms123456.com/assets/uploads/files/bf005-bein.jpg
655,0,beIN FHD,beIN 6 FHD,beIN 6 FHD,beINSports6.qa,https://cms123456.com/assets/uploads/files/39375-bein.jpg
656,0,beIN FHD,beIN 7 FHD,beIN 7 FHD,beINSports7.qa,https://cms123456.com/assets/uploads/files/232c7-bein.jpg
657,0,beIN FHD,beIN 8 FHD,beIN 8 FHD,beINSports8.qa,https://cms123456.com/assets/uploads/files/9a624-bein.jpg
658,0,beIN FHD,beIN 9 FHD,beIN 9 FHD,beINSports9.qa,https://cms123456.com/assets/uploads/files/e2ed2-bein.jpg
649,0,beIN FHD,beIN FHD,beIN FHD,,
648,0,beIN FHD,beIN News FHD,beIN News FHD,,
660,0,beIN FHD,beIN xtra 2 FHD,beIN xtra 2 FHD,,
661,0,beIN FHD,beIN xtra 3 FHD,beIN xtra 3 FHD,,
662,0,beIN FHD,beIN xtra 4 FHD,beIN xtra 4 FHD,,
663,0,beIN FHD,beIN xtra 5 FHD,beIN xtra 5 FHD,,
664,0,beIN FHD,beIN xtra 6 FHD,beIN xtra 6 FHD,,
665,0,beIN FHD,beIN xtra 7 FHD,beIN xtra 7 FHD,,
666,0,beIN FHD,beIN xtra 8 FHD,beIN xtra 8 FHD,,
667,0,beIN FHD,beIN xtra 9 FHD,beIN xtra 9 FHD,,
659,0,beIN FHD,beIN xtra 1 FHD,beIN xtra 1 FHD,beINSportsXtra3.qa,
595,0,beIN HD,beIN 1 HD,beIN 1 HD,,https://cms123456.com/assets/uploads/files/5d6b6-bein_sport_logo.svg.png
597,0,beIN HD,beIN 2 HD,beIN 2 HD,beINSports2.qa,https://cms123456.com/assets/uploads/files/69be9-bein_sport_logo.svg.png
598,0,beIN HD,beIN 3 HD,beIN 3 HD,beINSports3.qa,https://cms123456.com/assets/uploads/files/26393-bein_sport_logo.svg.png
599,0,beIN HD,beIN 4 HD,beIN 4 HD,beINSports4.qa,https://cms123456.com/assets/uploads/files/26201-bein.png
600,0,beIN HD,beIN 5 HD,beIN 5 HD,beINSports5.qa,https://cms123456.com/assets/uploads/files/26201-bein.png
601,0,beIN HD,beIN 6 HD,beIN 6 HD,beINSports6.qa,https://cms123456.com/assets/uploads/files/26201-bein.png
602,0,beIN HD,beIN 7 HD,beIN 7 HD,beINSports7.qa,https://cms123456.com/assets/uploads/files/26201-bein.png
603,0,beIN HD,beIN 8 HD,beIN 8 HD,beINSports8.qa,https://cms123456.com/assets/uploads/files/26201-bein.png
604,0,beIN HD,beIN 9 HD,beIN 9 HD,beINSports9.qa,https://cms123456.com/assets/uploads/files/26201-bein.png
619,0,beIN HD,beIN AFC,beIN AFC,BeinSportsAFC.qa,https://cms123456.com/assets/uploads/files/26201-bein.png
620,0,beIN HD,beIN AFC 1,beIN AFC 1,BeinSportsAFC.qa,https://cms123456.com/assets/uploads/files/57607-81e6c-icon-esiptv-bein-hd.png
614,0,beIN HD,beIN English 1 HD,beIN English 1 HD,,https://cms123456.com/assets/uploads/files/9500b-bein_sport_logo.svg.png
615,0,beIN HD,beIN English 2 HD,beIN English 2 HD,,https://cms123456.com/assets/uploads/files/81777-bein_sport_logo.svg.png
616,0,beIN HD,beIN English 3 HD,beIN English 3 HD,,https://cms123456.com/assets/uploads/files/3ae7f-bein_sport_logo.svg.png
617,0,beIN HD,beIN French 1 HD,beIN French 1 HD,beINSport1.fr,https://cms123456.com/assets/uploads/files/26201-bein.png
618,0,beIN HD,beIN French 2 HD,beIN French 2 HD,beINSport2.fr,https://cms123456.com/assets/uploads/files/26201-bein.png
594,0,beIN HD,beIN HD,beIN HD,,https://cms123456.com/assets/uploads/files/2a0b9-telechargement-14-.png
593,0,beIN HD,beIN News HD,beIN News HD,,https://cms123456.com/assets/uploads/files/85850-telechargement-7-.jpg
596,0,beIN HD,beIN Sport 1 HD V2,beIN Sport 1 HD V2,,
605,0,beIN HD,beIN Xtra 1 HD,beIN Xtra 1 HD,,https://cms123456.com/assets/uploads/files/26201-bein.png
606,0,beIN HD,beIN Xtra 2 HD,beIN Xtra 2 HD,beINSportsXtra2.qa,
607,0,beIN HD,beIN Xtra 3 HD,beIN Xtra 3 HD,beINSportsXtra3.qa,https://cms123456.com/assets/uploads/files/26201-bein.png
608,0,beIN HD,beIN Xtra 4 HD,beIN Xtra 4 HD,,
609,0,beIN HD,beIN Xtra 5 HD,beIN Xtra 5 HD,,
610,0,beIN HD,beIN Xtra 6 HD,beIN Xtra 6 HD,,
611,0,beIN HD,beIN Xtra 7 HD,beIN Xtra 7 HD,,
612,0,beIN HD,beIN Xtra 8 HD,beIN Xtra 8 HD,,
613,0,beIN HD,beIN Xtra 9 HD,beIN Xtra 9 HD,,
625,0,beIN SD,beIN  3 SD,beIN  3 SD,beINSports3.qa,https://cms123456.com/assets/uploads/files/995c5-bein_sport_logo.svg.png
635,0,beIN SD,beIN  Xtra 4 SD,beIN  Xtra 4 SD,,
623,0,beIN SD,beIN 1 SD,beIN 1 SD,beINSports1.qa,https://cms123456.com/assets/uploads/files/afe4d-bein_sport_logo.svg.png
624,0,beIN SD,beIN 2 SD,beIN 2 SD,beINSports2.qa,https://cms123456.com/assets/uploads/files/7e3d9-bein_sport_logo.svg.png
626,0,beIN SD,beIN 4 SD,beIN 4 SD,beINSports4.qa,https://cms123456.com/assets/uploads/files/26201-bein.png
627,0,beIN SD,beIN 5 SD,beIN 5 SD,beINSports5.qa,https://cms123456.com/assets/uploads/files/26201-bein.png
628,0,beIN SD,beIN 6 SD,beIN 6 SD,beINSports6.qa,https://cms123456.com/assets/uploads/files/26201-bein.png
629,0,beIN SD,beIN 7 SD,beIN 7 SD,beINSports7.qa,https://cms123456.com/assets/uploads/files/26201-bein.png
630,0,beIN SD,beIN 8 SD,beIN 8 SD,beINSports8.qa,https://cms123456.com/assets/uploads/files/26201-bein.png
631,0,beIN SD,beIN 9 SD,beIN 9 SD,beINSports9.qa,https://cms123456.com/assets/uploads/files/26201-bein.png
642,0,beIN SD,beIN AFC 1 SD,beIN AFC 1 SD,BeinSportsAFC.qa,https://cms123456.com/assets/uploads/files/26201-bein.png
641,0,beIN SD,beIN AFC SD,beIN AFC SD,,https://cms123456.com/assets/uploads/files/57607-81e6c-icon-esiptv-bein-hd.png
643,0,beIN SD,beIN English 1 SD,beIN English 1 SD,beINSports1En.qa,https://cms123456.com/assets/uploads/files/28667-bein.jpg
647,0,beIN SD,beIN English 2 SD,beIN English 2 SD,beINSports2En.qa,https://cms123456.com/assets/uploads/files/4b695-bein.jpg
645,0,beIN SD,beIN English 3 SD,beIN English 3 SD,,https://cms123456.com/assets/uploads/files/e4580-bein.jpg
646,0,beIN SD,beIN French 1 SD,beIN French 1 SD,beINSports1Fr.qa,https://cms123456.com/assets/uploads/files/311c0-bein.jpg
644,0,beIN SD,beIN French 2 SD,beIN French 2 SD,beINSports2Fr.qa,https://cms123456.com/assets/uploads/files/012ad-bein.jpg
621,0,beIN SD,beIN News SD,beIN News SD,beINSportsNews.qa,https://cms123456.com/assets/uploads/files/0b393-telechargement-7-.jpg
622,0,beIN SD,beIN SD,beIN SD,,https://cms123456.com/assets/uploads/files/35945-telechargement-14-.png
632,0,beIN SD,beIN Xtra 1 SD,beIN Xtra 1 SD,beINSportsXtra1.qa,https://cms123456.com/assets/uploads/files/deff4-bein.jpg
633,0,beIN SD,beIN Xtra 2 SD,beIN Xtra 2 SD,beINSportsXtra2.qa,https://cms123456.com/assets/uploads/files/97ca8-deff4-bein.jpg
634,0,beIN SD,beIN Xtra 3 SD,beIN Xtra 3 SD,beINSportsXtra3.qa,https://cms123456.com/assets/uploads/files/26201-bein.png
636,0,beIN SD,beIN Xtra 5 SD,beIN Xtra 5 SD,,
637,0,beIN SD,beIN Xtra 6 SD,beIN Xtra 6 SD,,
638,0,beIN SD,beIN Xtra 7 SD,beIN Xtra 7 SD,,
639,0,beIN SD,beIN Xtra 8 SD,beIN Xtra 8 SD,,
640,0,beIN SD,beIN Xtra 9 SD,beIN Xtra 9 SD,,
