uhf_pk,category,name,original_name,source_epg_channel_id,source_country,target_xmltv_id,target_name,target_country,target_guide_sites,match_method,confidence,review,notes,logo_url
98,Bein Channels,AR-beinJeem HD,AR-beinJeem HD,JeemTV.qa,,,,,,unmapped,0.000,unmapped,source EPG id present but no target-country guide channel: JeemTV.qa,https://cms123456.com/assets/uploads/files/04bfa-jeem_tv_qa.png
100,Bein Channels,Ar-Bein-Junior,Ar-Bein-Junior,,,,,,,unmapped,0.000,unmapped,no reliable match in target-country guide channel set,https://cms123456.com/assets/uploads/files/a578a-bejunior.jpg
509,Bein Channels,Ar||Bein BBC Earth,Ar||Bein BBC Earth,BBCEarth.qa,,,,,,unmapped,0.000,unmapped,source EPG id present but no target-country guide channel: BBCEarth.qa,https://cms123456.com/assets/uploads/files/9143b-bbc-earth-hd-buyuk.png
508,Bein Channels,Ar||Bein Fox Rewayat,Ar||Bein Fox Rewayat,,,,,,,unmapped,0.000,unmapped,no reliable match in target-country guide channel set,https://cms123456.com/assets/uploads/files/1d89a-fox-rewayat-2.png
208,Bein Channels,Ar||Bein_AMC_HD,Ar||Bein_AMC_HD,,,,,,,unmapped,0.000,unmapped,no reliable match in target-country guide channel set,https://cms123456.com/assets/uploads/files/26201-bein.png
220,Bein Channels,Ar||Bein_Baraem_HD,Ar||Bein_Baraem_HD,Baraem.qa,,,,,,unmapped,0.000,unmapped,source EPG id present but no target-country guide channel: Baraem.qa,https://cms123456.com/assets/uploads/files/26201-bein.png
28,Bein Channels,Ar||Bein_Bejunior_HD,Ar||Bein_Bejunior_HD,beJunior.qa,,,,,,unmapped,0.000,unmapped,source EPG id present but no target-country guide channel: beJunior.qa,https://cms123456.com/assets/uploads/files/26201-bein.png
221,Bein Channels,Ar||Bein_Boomerang_HD,Ar||Bein_Boomerang_HD,BoomerangMENAar.ae,,,,,,unmapped,0.000,unmapped,source EPG id present but no target-country guide channel: BoomerangMENAar.ae,https://cms123456.com/assets/uploads/files/26201-bein.png
222,Bein Channels,Ar||Bein_Cartoon_Network_HD,Ar||Bein_Cartoon_Network_HD,CartoonNetworkEn.qa,,,,,,unmapped,0.000,unmapped,source EPG id present but no target-country guide channel: CartoonNetworkEn.qa,https://cms123456.com/assets/uploads/files/26201-bein.png
218,Bein Channels,Ar||Bein_Discovery_Turbo_Xtra,Ar||Bein_Discovery_Turbo_Xtra,,,,,,,unmapped,0.000,unmapped,no reliable match in target-country guide channel set,
223,Bein Channels,Ar||Bein_Drama_HD1,Ar||Bein_Drama_HD1,Drama.qa,,,,,,unmapped,0.000,unmapped,source EPG id present but no target-country guide channel: Drama.qa,https://cms123456.com/assets/uploads/files/26201-bein.png
225,Bein Channels,Ar||Bein_Fatafeat,Ar||Bein_Fatafeat,Fatafeat.qa,,,,,,unmapped,0.000,unmapped,source EPG id present but no target-country guide channel: Fatafeat.qa,https://cms123456.com/assets/uploads/files/26201-bein.png
210,Bein Channels,Ar||Bein_Fox_Action_Movies_HD,Ar||Bein_Fox_Action_Movies_HD,FOXMoviesAction.qa,,,,,,unmapped,0.000,unmapped,source EPG id present but no target-country guide channel: FOXMoviesAction.qa,https://cms123456.com/assets/uploads/files/26201-bein.png
209,Bein Channels,Ar||Bein_Fox_Movies_HD,Ar||Bein_Fox_Movies_HD,,,,,,,unmapped,0.000,unmapped,no reliable match in target-country guide channel set,https://cms123456.com/assets/uploads/files/26201-bein.png
226,Bein Channels,Ar||Bein_Gourmet_HD,Ar||Bein_Gourmet_HD,Gourmet.qa,,,,,,unmapped,0.000,unmapped,source EPG id present but no target-country guide channel: Gourmet.qa,https://cms123456.com/assets/uploads/files/26201-bein.png
224,Bein Channels,Ar||Bein_HGTV_HD,Ar||Bein_HGTV_HD,HGTV.qa,,,,,,unmapped,0.000,unmapped,source EPG id present but no target-country guide channel: HGTV.qa,
202,Bein Channels,Ar||Bein_Movies_HD1,Ar||Bein_Movies_HD1,,,,,,,unmapped,0.000,unmapped,no reliable match in target-country guide channel set,https://cms123456.com/assets/uploads/files/26201-bein.png
203,Bein Channels,Ar||Bein_Movies_HD2,Ar||Bein_Movies_HD2,,,,,,,unmapped,0.000,unmapped,no reliable match in target-country guide channel set,https://cms123456.com/assets/uploads/files/26201-bein.png
204,Bein Channels,Ar||Bein_Movies_HD3,Ar||Bein_Movies_HD3,,,,,,,unmapped,0.000,unmapped,no reliable match in target-country guide channel set,https://cms123456.com/assets/uploads/files/26201-bein.png
205,Bein Channels,Ar||Bein_Movies_HD4,Ar||Bein_Movies_HD4,,,,,,,unmapped,0.000,unmapped,no reliable match in target-country guide channel set,https://cms123456.com/assets/uploads/files/26201-bein.png
211,Bein Channels,Ar||Bein_Nat_Geo,Ar||Bein_Nat_Geo,NationalGeographicAbuDhabi.ae,,,,,,unmapped,0.000,unmapped,source EPG id present but no target-country guide channel: NationalGeographicAbuDhabi.ae,https://cms123456.com/assets/uploads/files/26201-bein.png
212,Bein Channels,Ar||Bein_Nat_People,Ar||Bein_Nat_People,,,,,,,unmapped,0.000,unmapped,no reliable match in target-country guide channel set,https://cms123456.com/assets/uploads/files/26201-bein.png
213,Bein Channels,Ar||Bein_Nat_Wild,Ar||Bein_Nat_Wild,NatGeoWild.qa,,,,,,unmapped,0.000,unmapped,source EPG id present but no target-country guide channel: NatGeoWild.qa,https://cms123456.com/assets/uploads/files/26201-bein.png
214,Bein Channels,Ar||Bein_OutDoor_HD,Ar||Bein_OutDoor_HD,,,,,,,unmapped,0.000,unmapped,no reliable match in target-country guide channel set,
206,Bein Channels,Ar||Bein_Series_HD1,Ar||Bein_Series_HD1,beINSeries1.qa,,,,,,unmapped,0.000,unmapped,source EPG id present but no target-country guide channel: beINSeries1.qa,https://cms123456.com/assets/uploads/files/26201-bein.png
207,Bein Channels,Ar||Bein_Series_HD2,Ar||Bein_Series_HD2,beINSeries2.qa,,,,,,unmapped,0.000,unmapped,source EPG id present but no target-country guide channel: beINSeries2.qa,https://cms123456.com/assets/uploads/files/26201-bein.png
215,Bein Channels,Ar||Bein_Travel_HD,Ar||Bein_Travel_HD,TravelChannel.qa,,,,,,unmapped,0.000,unmapped,source EPG id present but no target-country guide channel: TravelChannel.qa,
216,Bein Channels,Ar||Bein_fox_Life_HD,Ar||Bein_fox_Life_HD,,,,,,,unmapped,0.000,unmapped,no reliable match in target-country guide channel set,https://cms123456.com/assets/uploads/files/26201-bein.png
217,Bein Channels,Ar||Bein_fox_crime_HD,Ar||Bein_fox_crime_HD,FoxCrime.qa,,,,,,unmapped,0.000,unmapped,source EPG id present but no target-country guide channel: FoxCrime.qa,https://cms123456.com/assets/uploads/files/26201-bein.png
219,Bein Channels,Ar||Bein_jeem_HD,Ar||Bein_jeem_HD,JeemTV.qa,,,,,,unmapped,0.000,unmapped,source EPG id present but no target-country guide channel: JeemTV.qa,
1794,Canada,"CBC (CBAT) Fredericton, NB HD",Canada- CBC Toronto HD,CA:CBATDT.ca,CA,CA:CBLTDT.ca,CBLT-DT,CA,ontvtonight.com;tvpassport.com;tvtv.us,manual_alias,1.000,ok,,https://i.imgur.com/xflShTG.png
1917,Canada,Canada- ABC Spark,Canada- ABC Spark,,CA,,,,,unmapped,0.526,unmapped,no reliable match in target-country guide channel set,https://cms123456.com/assets/uploads/files/007bf-thumbnail_canada.jpg
1886,Canada,Canada- ADDIK TV QC,Canada- ADDIK TV QC,,CA,CA:addikTV.ca,addikTV,CA,ontvtonight.com;tvhebdo.com;tvpassport.com,fuzzy_name_high,0.920,ok,,https://cms123456.com/assets/uploads/files/007bf-thumbnail_canada.jpg
1885,Canada,Canada- AMC Ca,Canada- AMC Ca,,CA,,,,,unmapped,0.667,unmapped,no reliable match in target-country guide channel set,https://cms123456.com/assets/uploads/files/007bf-thumbnail_canada.jpg
1833,Canada,Canada- AMC HD CA,Canada- AMC HD CA,,CA,,,,,unmapped,0.667,unmapped,no reliable match in target-country guide channel set,https://cms123456.com/assets/uploads/files/007bf-thumbnail_canada.jpg
1884,Canada,Canada- ARTV QC,Canada- ARTV QC,,CA,CA:IciARTV.ca,Ici ARTV,CA,tvhebdo.com;tvpassport.com,fuzzy_name_high,0.920,ok,,https://cms123456.com/assets/uploads/files/007bf-thumbnail_canada.jpg
1893,Canada,Canada- Animal Planet,Canada- Animal Planet,,CA,CA:AnimalPlanet.ca,Animal Planet,CA,tvhebdo.com;tvpassport.com,fuzzy_name_high,1.000,ok,,https://cms123456.com/assets/uploads/files/007bf-thumbnail_canada.jpg
1883,Canada,Canada- BEIN SPORTS CANADA,Canada- BEIN SPORTS CANADA,,CA,,,,,unmapped,0.783,unmapped,manual alias target not in target guide metadata: CA:beINSportsCanada.ca,https://cms123456.com/assets/uploads/files/007bf-thumbnail_canada.jpg
1831,Canada,Canada- BNN HD CA,Canada- BNN HD CA,,CA,,,,,unmapped,0.667,unmapped,no reliable match in target-country guide channel set,https://cms123456.com/assets/uploads/files/007bf-thumbnail_canada.jpg
1882,Canada,Canada- CANAL D QC,Canada- CANAL D QC,,CA,CA:CanalD.ca,Canal D,CA,tvhebdo.com;tvpassport.com,fuzzy_name_high,1.000,ok,,https://cms123456.com/assets/uploads/files/007bf-thumbnail_canada.jpg
1881,Canada,Canada- CANAL VIE QC,Canada- CANAL VIE QC,,CA,CA:CanalVie.ca,Canal Vie,CA,tvhebdo.com;tvpassport.com,fuzzy_name_high,1.000,ok,,https://cms123456.com/assets/uploads/files/007bf-thumbnail_canada.jpg
1880,Canada,Canada- CASA QC,Canada- CASA QC,,CA,CA:Casa.ca,Casa,CA,ontvtonight.com;tvhebdo.com;tvpassport.com,fuzzy_name_high,1.000,ok,,https://cms123456.com/assets/uploads/files/007bf-thumbnail_canada.jpg
1907,Canada,Canada- CBC Edmonton,Canada- CBC Edmonton,,CA,,,,,unmapped,0.571,unmapped,no reliable match in target-country guide channel set,https://cms123456.com/assets/uploads/files/007bf-thumbnail_canada.jpg
1830,Canada,Canada- CBC HD CA,Canada- CBC HD CA,,CA,,,,,unmapped,0.667,unmapped,no reliable match in target-country guide channel set,https://cms123456.com/assets/uploads/files/007bf-thumbnail_canada.jpg
1908,Canada,Canada- CBC Halifax,Canada- CBC Halifax,,CA,,,,,unmapped,0.533,unmapped,no reliable match in target-country guide channel set,https://cms123456.com/assets/uploads/files/007bf-thumbnail_canada.jpg
1879,Canada,Canada- CBC MONTREAL QC,Canada- CBC MONTREAL QC,,CA,CA:CBMTDT.ca,CBMT-DT,CA,tvhebdo.com;tvpassport.com;tvtv.us,manual_alias,1.000,ok,,https://cms123456.com/assets/uploads/files/007bf-thumbnail_canada.jpg
1829,Canada,Canada- CBC Montreal CA-FR,Canada- CBC Montreal CA-FR,,CA,CA:CBFTDT.ca,CBFT-DT,CA,ontvtonight.com;tvhebdo.com;tvtv.us,manual_alias,1.000,ok,,https://cms123456.com/assets/uploads/files/007bf-thumbnail_canada.jpg
1911,Canada,Canada- CBC News Network,Canada- CBC News Network,,CA,CA:CBCNewsNetwork.ca,CBC News Network,CA,i.mjh.nz;ontvtonight.com;plex.tv;tvhebdo.com;tvpassport.com;tvtv.us;xumo.tv,manual_alias,1.000,ok,,https://cms123456.com/assets/uploads/files/007bf-thumbnail_canada.jpg
1909,Canada,Canada- CBC OTTAWA,Canada- CBC OTTAWA,,CA,,,,,unmapped,0.625,unmapped,no reliable match in target-country guide channel set,https://cms123456.com/assets/uploads/files/007bf-thumbnail_canada.jpg
1828,Canada,Canada- CBC Toronto SD,Canada- CBC Toronto SD,,CA,CA:CBLTDT.ca,CBLT-DT,CA,ontvtonight.com;tvpassport.com;tvtv.us,manual_alias,1.000,ok,,https://cms123456.com/assets/uploads/files/007bf-thumbnail_canada.jpg
1827,Canada,Canada- CBC Vancouver HD CA,Canada- CBC Vancouver HD CA,,CA,CA:CBUTDT.ca,CBUT-DT,CA,ontvtonight.com;tvhebdo.com;tvpassport.com,manual_alias,1.000,ok,,https://cms123456.com/assets/uploads/files/007bf-thumbnail_canada.jpg
1910,Canada,Canada- CBC Winnipeg,Canada- CBC Winnipeg,,CA,,,,,unmapped,0.500,unmapped,no reliable match in target-country guide channel set,https://cms123456.com/assets/uploads/files/007bf-thumbnail_canada.jpg
1797,Canada,Canada- CBC-Toronto HD,Canada- CBC-Toronto HD,,CA,CA:CBLTDT.ca,CBLT-DT,CA,ontvtonight.com;tvpassport.com;tvtv.us,manual_alias,1.000,ok,,https://cms123456.com/assets/uploads/files/007bf-thumbnail_canada.jpg
1878,Canada,Canada- CHCH Ca,Canada- CHCH Ca,,CA,CA:CHCHDT.ca,CHCH-DT,CA,ontvtonight.com;tvpassport.com,fuzzy_name_high,0.920,ok,,https://cms123456.com/assets/uploads/files/007bf-thumbnail_canada.jpg
1826,Canada,Canada- CHCH HD CA,Canada- CHCH HD CA,,CA,CA:CHCHDT.ca,CHCH-DT,CA,ontvtonight.com;tvpassport.com,fuzzy_name_high,0.920,ok,,https://cms123456.com/assets/uploads/files/007bf-thumbnail_canada.jpg
1904,Canada,Canada- CITY TORONTO,Canada- CITY TORONTO,,CA,,,,,unmapped,0.632,unmapped,no reliable match in target-country guide channel set,https://cms123456.com/assets/uploads/files/007bf-thumbnail_canada.jpg
1905,Canada,Canada- CITYLGARY,Canada- CITYLGARY,,CA,,,,,unmapped,0.533,unmapped,no reliable match in target-country guide channel set,https://cms123456.com/assets/uploads/files/007bf-thumbnail_canada.jpg
1912,Canada,Canada- COOKING CHANNEL,Canada- COOKING CHANNEL,,CA,CA:CookingChannel.ca,Cooking Channel,CA,tvhebdo.com,fuzzy_name_high,1.000,ok,,https://cms123456.com/assets/uploads/files/007bf-thumbnail_canada.jpg
1900,Canada,Canada- COTTAGE LIFE,Canada- COTTAGE LIFE,,CA,CA:CottageLife.ca,Cottage Life,CA,tvhebdo.com;tvpassport.com,fuzzy_name_high,1.000,ok,,https://cms123456.com/assets/uploads/files/007bf-thumbnail_canada.jpg
1877,Canada,Canada- CP24 Ca,Canada- CP24 Ca,,CA,CA:CP24.ca,CP24,CA,tvpassport.com,fuzzy_name_high,1.000,ok,,https://cms123456.com/assets/uploads/files/007bf-thumbnail_canada.jpg
1823,Canada,Canada- CP24 HD CA,Canada- CP24 HD CA,,CA,CA:CP24.ca,CP24,CA,tvpassport.com,fuzzy_name_high,1.000,ok,,https://cms123456.com/assets/uploads/files/007bf-thumbnail_canada.jpg
1822,Canada,Canada- CPAC HD CA,Canada- CPAC HD CA,,CA,CA:CPACEnglish.ca,CPAC English,CA,tvhebdo.com;tvpassport.com;tvtv.us,fuzzy_name_high,0.920,ok,,https://cms123456.com/assets/uploads/files/007bf-thumbnail_canada.jpg
1876,Canada,Canada- CPAC QC,Canada- CPAC QC,,CA,CA:CPACEnglish.ca,CPAC English,CA,tvhebdo.com;tvpassport.com;tvtv.us,fuzzy_name_high,0.920,ok,,https://cms123456.com/assets/uploads/files/007bf-thumbnail_canada.jpg
1920,Canada,Canada- CTV 2 VANCOUVER,Canada- CTV 2 VANCOUVER,,CA,,,,,unmapped,0.560,unmapped,no reliable match in target-country guide channel set,https://cms123456.com/assets/uploads/files/007bf-thumbnail_canada.jpg
1937,Canada,Canada- CTV Calgary,Canada- CTV Calgary,,CA,,,,,unmapped,0.600,unmapped,no reliable match in target-country guide channel set,https://cms123456.com/assets/uploads/files/007bf-thumbnail_canada.jpg
1824,Canada,Canada- CTV Comedy HD  ca,Canada- CTV Comedy HD  ca,,CA,CA:CTVComedyChannel.ca,CTV Comedy Channel,CA,tvhebdo.com,fuzzy_name_high,1.000,ok,,https://cms123456.com/assets/uploads/files/007bf-thumbnail_canada.jpg
1918,Canada,Canada- CTV Drama,Canada- CTV Drama,,CA,CA:CTVDramaChannel.ca,CTV Drama Channel,CA,ontvtonight.com;tvhebdo.com,fuzzy_name_high,1.000,ok,,https://cms123456.com/assets/uploads/files/007bf-thumbnail_canada.jpg
1875,Canada,Canada- CTV MONTREAL Ca,Canada- CTV MONTREAL Ca,,CA,,,,,unmapped,0.600,unmapped,no reliable match in target-country guide channel set,https://cms123456.com/assets/uploads/files/007bf-thumbnail_canada.jpg
1795,Canada,Canada- CTV News HD,Canada- CTV News HD,,CA,CA:CTVNewsChannel.ca,CTV News Channel,CA,i.mjh.nz;tvhebdo.com;tvpassport.com,fuzzy_name_high,1.000,ok,,https://cms123456.com/assets/uploads/files/007bf-thumbnail_canada.jpg
1821,Canada,Canada- CTV News Live Events 3 HD CA,Canada- CTV News Live Events 3 HD CA,,CA,CA:CTVNewsChannel.ca,CTV News Channel,CA,i.mjh.nz;tvhebdo.com;tvpassport.com,fuzzy_name_high,0.920,ok,,https://cms123456.com/assets/uploads/files/007bf-thumbnail_canada.jpg
1915,Canada,Canada- CTV TORONTO,Canada- CTV TORONTO,,CA,,,,,unmapped,0.571,unmapped,no reliable match in target-country guide channel set,https://cms123456.com/assets/uploads/files/007bf-thumbnail_canada.jpg
1916,Canada,Canada- CTV VANCOUVER,Canada- CTV VANCOUVER,,CA,,,,,unmapped,0.609,unmapped,no reliable match in target-country guide channel set,https://cms123456.com/assets/uploads/files/007bf-thumbnail_canada.jpg
1899,Canada,Canada- CTV2 OTTAWA,Canada- CTV2 OTTAWA,,CA,,,,,unmapped,0.600,unmapped,no reliable match in target-country guide channel set,https://cms123456.com/assets/uploads/files/007bf-thumbnail_canada.jpg
1921,Canada,Canada- CTV2 OTTAWA,Canada- CTV2 OTTAWA,,CA,,,,,unmapped,0.600,unmapped,no reliable match in target-country guide channel set,https://cms123456.com/assets/uploads/files/007bf-thumbnail_canada.jpg
1926,Canada,Canada- Canal Savoir,Canada- Canal Savoir,,CA,,,,,unmapped,0.762,unmapped,no reliable match in target-country guide channel set,https://cms123456.com/assets/uploads/files/007bf-thumbnail_canada.jpg
1825,Canada,Canada- City Vancouver FHD CA,Canada- City Vancouver FHD CA,,CA,,,,,unmapped,0.522,unmapped,no reliable match in target-country guide channel set,https://cms123456.com/assets/uploads/files/007bf-thumbnail_canada.jpg
1896,Canada,Canada- DEJAVIEW,Canada- DEJAVIEW,,CA,CA:DejaView.ca,DejaView,CA,ontvtonight.com;tvhebdo.com;tvpassport.com;tvtv.us,fuzzy_name_high,1.000,ok,,https://cms123456.com/assets/uploads/files/007bf-thumbnail_canada.jpg
1874,Canada,Canada- DISNEY Ca,Canada- DISNEY Ca,,CA,CA:DisneyChannel.ca,Disney Channel,CA,tvhebdo.com;tvpassport.com;tvtv.us,fuzzy_name_high,1.000,ok,,https://cms123456.com/assets/uploads/files/007bf-thumbnail_canada.jpg
1873,Canada,Canada- DISNEY JR Ca,Canada- DISNEY JR Ca,,CA,CA:DisneyChannel.ca,Disney Channel,CA,tvhebdo.com;tvpassport.com;tvtv.us,fuzzy_name_high,0.920,ok,,https://cms123456.com/assets/uploads/files/007bf-thumbnail_canada.jpg
1820,Canada,Canada- Discovery Science CA,Canada- Discovery Science CA,,CA,CA:DiscoveryScience.ca,Discovery Science,CA,tvhebdo.com;tvpassport.com,fuzzy_name_high,1.000,ok,,https://cms123456.com/assets/uploads/files/007bf-thumbnail_canada.jpg
1819,Canada,Canada- Disney HD,Canada- Disney HD,,CA,CA:DisneyChannel.ca,Disney Channel,CA,tvhebdo.com;tvpassport.com;tvtv.us,fuzzy_name_high,1.000,ok,,https://cms123456.com/assets/uploads/files/007bf-thumbnail_canada.jpg
1818,Canada,Canada- Disney JR HD CA,Canada- Disney JR HD CA,,CA,CA:DisneyChannel.ca,Disney Channel,CA,tvhebdo.com;tvpassport.com;tvtv.us,fuzzy_name_high,0.920,ok,,https://cms123456.com/assets/uploads/files/007bf-thumbnail_canada.jpg
1863,Canada,Canada- Diy network,Canada- Diy network,,CA,,,,,unmapped,0.800,unmapped,no reliable match in target-country guide channel set,https://cms123456.com/assets/uploads/files/007bf-thumbnail_canada.jpg
1817,Canada,Canada- E! Entertainment HD CA,Canada- E! Entertainment HD CA,,CA,,,,,unmapped,0.480,unmapped,no reliable match in target-country guide channel set,https://cms123456.com/assets/uploads/files/007bf-thumbnail_canada.jpg
1887,Canada,Canada- FAMILY,Canada- FAMILY,,CA,CA:FamilyChannel.ca,Family Channel,CA,tvhebdo.com,fuzzy_name_high,1.000,ok,,https://cms123456.com/assets/uploads/files/007bf-thumbnail_canada.jpg
1815,Canada,Canada- FX FHD CA,Canada- FX FHD CA,,CA,CA:FX.ca,FX,CA,tvhebdo.com;tvpassport.com,fuzzy_name_high,1.000,ok,,https://cms123456.com/assets/uploads/files/007bf-thumbnail_canada.jpg
1872,Canada,Canada- FX HD Ca,Canada- FX HD Ca,,CA,CA:FX.ca,FX,CA,tvhebdo.com;tvpassport.com,fuzzy_name_high,1.000,ok,,https://cms123456.com/assets/uploads/files/007bf-thumbnail_canada.jpg
1814,Canada,Canada- FXX CA,Canada- FXX CA,,CA,CA:FXX.ca,FXX,CA,tvhebdo.com;tvpassport.com,fuzzy_name_high,1.000,ok,,https://cms123456.com/assets/uploads/files/007bf-thumbnail_canada.jpg
1816,Canada,Canada- Fight Network HD CA,Canada- Fight Network HD CA,,CA,CA:FightNetwork.ca,Fight Network,CA,distro.tv;i.mjh.nz;nostv.pt;plex.tv;tvhebdo.com;tvpassport.com;tvprofil.com;tvtv.us;vodafone.pt,fuzzy_name_high,1.000,ok,,https://cms123456.com/assets/uploads/files/007bf-thumbnail_canada.jpg
1898,Canada,Canada- Food Network,Canada- Food Network,,CA,CA:FoodNetwork.ca,Food Network,CA,tvhebdo.com;tvpassport.com,fuzzy_name_high,1.000,ok,,https://cms123456.com/assets/uploads/files/007bf-thumbnail_canada.jpg
1913,Canada,Canada- GLOBAL HALIFAX,Canada- GLOBAL HALIFAX,,CA,,,,,unmapped,0.483,unmapped,no reliable match in target-country guide channel set,https://cms123456.com/assets/uploads/files/007bf-thumbnail_canada.jpg
1914,Canada,Canada- GLOBAL VANCOUVER,Canada- GLOBAL VANCOUVER,,CA,,,,,unmapped,0.581,unmapped,no reliable match in target-country guide channel set,https://cms123456.com/assets/uploads/files/007bf-thumbnail_canada.jpg
1894,Canada,Canada- Game TV,Canada- Game TV,,CA,CA:GameTV.ca,Game TV,CA,ontvtonight.com;tvhebdo.com,fuzzy_name_high,1.000,ok,,https://cms123456.com/assets/uploads/files/007bf-thumbnail_canada.jpg
1798,Canada,Canada- Global,Canada- Global,,CA,CA:GlobalNewsBC1.ca,Global News: BC1,CA,tvpassport.com,fuzzy_name_high,0.920,ok,,https://cms123456.com/assets/uploads/files/007bf-thumbnail_canada.jpg
1871,Canada,Canada- HBO 1 Ca,Canada- HBO 1 Ca,,CA,CA:HBO1.ca,HBO 1,CA,tvhebdo.com,fuzzy_name_high,1.000,ok,,https://cms123456.com/assets/uploads/files/007bf-thumbnail_canada.jpg
1870,Canada,Canada- HBO 2 Ca,Canada- HBO 2 Ca,,CA,,,,,unmapped,0.800,unmapped,no reliable match in target-country guide channel set,https://cms123456.com/assets/uploads/files/007bf-thumbnail_canada.jpg
1906,Canada,Canada- HGTV,Canada- HGTV,,CA,CA:HGTV.ca,HGTV,CA,tvhebdo.com;tvpassport.com,fuzzy_name_high,1.000,ok,,https://cms123456.com/assets/uploads/files/007bf-thumbnail_canada.jpg
1869,Canada,Canada- HISTORIA QC,Canada- HISTORIA QC,,CA,CA:Historia.ca,Historia,CA,tvhebdo.com;tvpassport.com,fuzzy_name_high,1.000,ok,,https://cms123456.com/assets/uploads/files/007bf-thumbnail_canada.jpg
1902,Canada,Canada- History Channel,Canada- History Channel,,CA,CA:History.ca,History,CA,tvhebdo.com;tvpassport.com,fuzzy_name_high,1.000,ok,,https://cms123456.com/assets/uploads/files/007bf-thumbnail_canada.jpg
1867,Canada,Canada- ICI VANCOUVER QC,Canada- ICI VANCOUVER QC,,CA,,,,,unmapped,0.545,unmapped,no reliable match in target-country guide channel set,https://cms123456.com/assets/uploads/files/007bf-thumbnail_canada.jpg
1890,Canada,Canada- KNOWLEDGE KIDS,Canada- KNOWLEDGE KIDS,,CA,,,,,unmapped,0.500,unmapped,no reliable match in target-country guide channel set,https://cms123456.com/assets/uploads/files/007bf-thumbnail_canada.jpg
1866,Canada,Canada- LCN QC,Canada- LCN QC,,CA,CA:LCN.ca,LCN,CA,tvhebdo.com;tvpassport.com;tvtv.us,fuzzy_name_high,1.000,ok,,https://cms123456.com/assets/uploads/files/007bf-thumbnail_canada.jpg
1865,Canada,Canada- LIFETIME Ca,Canada- LIFETIME Ca,,CA,CA:Lifetime.ca,Lifetime,CA,tvhebdo.com;tvpassport.com,fuzzy_name_high,1.000,ok,,https://cms123456.com/assets/uploads/files/007bf-thumbnail_canada.jpg
1813,Canada,Canada- Lifetime FHD CA,Canada- Lifetime FHD CA,,CA,CA:Lifetime.ca,Lifetime,CA,tvhebdo.com;tvpassport.com,fuzzy_name_high,1.000,ok,,https://cms123456.com/assets/uploads/files/007bf-thumbnail_canada.jpg
1901,Canada,Canada- Love Nature,Canada- Love Nature,,CA,CA:LoveNature.ca,Love Nature,CA,dsmart.com.tr;i.mjh.nz;m.tv.sms.cz;mncvision.id;mujtvprogram.cz;musor.tv;mysky.com.ph;mytvsuper.com;nowplayer.now.com;ontvtonight.com;playtv.unifi.com.my;plex.tv;pluto.tv;programetv.ro;singtel.com;turksatkablo.com.tr;tv.blue.ch;tv.dir.bg;tv.mail.ru;tv.movistar.com.pe;tv.nu;tvgids.nl;tvhebdo.com;tvpassport.com;tvplus.com.tr;tvtv.us;visionplus.id;xumo.tv;ziggogo.tv,fuzzy_name_high,1.000,ok,,https://cms123456.com/assets/uploads/files/007bf-thumbnail_canada.jpg
1864,Canada,Canada- METEO QC,Canada- METEO QC,,CA,CA:MeteoMedia.ca,MeteoMedia,CA,tvhebdo.com,fuzzy_name_high,0.920,ok,,https://cms123456.com/assets/uploads/files/007bf-thumbnail_canada.jpg
1930,Canada,Canada- MOI et CIE (FR),Canada- MOI et CIE (FR),,CA,CA:MoietCie.ca,Moi et Cie,CA,tvhebdo.com,fuzzy_name_high,1.000,ok,,https://cms123456.com/assets/uploads/files/007bf-thumbnail_canada.jpg
1862,Canada,Canada- MOVIE TIME 1 Ca,Canada- MOVIE TIME 1 Ca,,CA,CA:MovieTime.ca,MovieTime,CA,ontvtonight.com;tvhebdo.com;tvpassport.com,fuzzy_name_high,0.920,ok,,https://cms123456.com/assets/uploads/files/007bf-thumbnail_canada.jpg
1903,Canada,Canada- MTV,Canada- MTV,,CA,CA:MAtv.ca,MAtv,CA,tvhebdo.com,fuzzy_name_review,0.857,review,,https://cms123456.com/assets/uploads/files/007bf-thumbnail_canada.jpg
1919,Canada,Canada- Makeful,Canada- Makeful,,CA,CA:Makeful.ca,Makeful,CA,ontvtonight.com;tvpassport.com;tvtv.us,fuzzy_name_high,1.000,ok,,https://cms123456.com/assets/uploads/files/007bf-thumbnail_canada.jpg
1929,Canada,Canada- Musique Plus (FR),Canada- Musique Plus (FR),,CA,,,,,unmapped,0.696,unmapped,no reliable match in target-country guide channel set,https://cms123456.com/assets/uploads/files/007bf-thumbnail_canada.jpg
1861,Canada,Canada- NAT GEO WILD Ca,Canada- NAT GEO WILD Ca,,CA,CA:WildTV.ca,Wild TV,CA,distro.tv;m.tv.sms.cz;tv.nu;tvhebdo.com;tvpassport.com,fuzzy_name_high,0.920,ok,,https://cms123456.com/assets/uploads/files/007bf-thumbnail_canada.jpg
1860,Canada,Canada- NATIONAL GEOGRAPHIC Ca,Canada- NATIONAL GEOGRAPHIC Ca,,CA,CA:NationalGeographic.ca,National Geographic,CA,tvhebdo.com;tvpassport.com,fuzzy_name_high,1.000,ok,,https://cms123456.com/assets/uploads/files/007bf-thumbnail_canada.jpg
1812,Canada,Canada- NTV News HD CA,Canada- NTV News HD CA,,CA,CA:CTVNewsChannel.ca,CTV News Channel,CA,i.mjh.nz;tvhebdo.com;tvpassport.com,fuzzy_name_review,0.875,review,,https://cms123456.com/assets/uploads/files/007bf-thumbnail_canada.jpg
1859,Canada,Canada- OLN Ca,Canada- OLN Ca,,CA,CA:OLN.ca,OLN,CA,tvhebdo.com,fuzzy_name_high,1.000,ok,,https://cms123456.com/assets/uploads/files/007bf-thumbnail_canada.jpg
1858,Canada,Canada- OMNI 2 HD Ca,Canada- OMNI 2 HD Ca,,CA,,,,,unmapped,0.462,unmapped,no reliable match in target-country guide channel set,https://cms123456.com/assets/uploads/files/007bf-thumbnail_canada.jpg
1857,Canada,Canada- OWN HD Ca,Canada- OWN HD Ca,,CA,,,,,unmapped,0.667,unmapped,no reliable match in target-country guide channel set,https://cms123456.com/assets/uploads/files/007bf-thumbnail_canada.jpg
1856,Canada,Canada- PEACHTREE Ca,Canada- PEACHTREE Ca,,CA,,,,,unmapped,0.526,unmapped,no reliable match in target-country guide channel set,https://cms123456.com/assets/uploads/files/007bf-thumbnail_canada.jpg
1855,Canada,Canada- PRISE 2 QC,Canada- PRISE 2 QC,,CA,CA:Prise2.ca,Prise 2,CA,ontvtonight.com;tvhebdo.com;tvpassport.com,fuzzy_name_high,1.000,ok,,https://cms123456.com/assets/uploads/files/007bf-thumbnail_canada.jpg
1811,Canada,Canada- Peachtree HD CA,Canada- Peachtree HD CA,,CA,,,,,unmapped,0.526,unmapped,no reliable match in target-country guide channel set,https://cms123456.com/assets/uploads/files/007bf-thumbnail_canada.jpg
1854,Canada,Canada- RDI QC,Canada- RDI QC,,CA,,,,,unmapped,0.667,unmapped,no reliable match in target-country guide channel set,https://cms123456.com/assets/uploads/files/007bf-thumbnail_canada.jpg
1853,Canada,Canada- RDS 2 QC,Canada- RDS 2 QC,,CA,CA:RDS2.ca,RDS 2,CA,tvhebdo.com;tvpassport.com,manual_alias,1.000,ok,,https://cms123456.com/assets/uploads/files/007bf-thumbnail_canada.jpg
1852,Canada,Canada- RDS INFO QC,Canada- RDS INFO QC,,CA,CA:RDSInfo.ca,RDS Info,CA,ontvtonight.com;tvhebdo.com;tvpassport.com,manual_alias,1.000,ok,,https://cms123456.com/assets/uploads/files/007bf-thumbnail_canada.jpg
1810,Canada,Canada- RDS Info CA-FR,Canada- RDS Info CA-FR,,CA,CA:RDSInfo.ca,RDS Info,CA,ontvtonight.com;tvhebdo.com;tvpassport.com,manual_alias,1.000,ok,,https://cms123456.com/assets/uploads/files/007bf-thumbnail_canada.jpg
1851,Canada,Canada- RDS QC,Canada- RDS QC,,CA,CA:RDS.ca,RDS,CA,tvhebdo.com;tvpassport.com,manual_alias,1.000,ok,,https://cms123456.com/assets/uploads/files/007bf-thumbnail_canada.jpg
1850,Canada,Canada- SERIES  QC,Canada- SERIES  QC,,CA,CA:SeriesPlus.ca,Series Plus,CA,ontvtonight.com;tvhebdo.com,fuzzy_name_high,0.920,ok,,https://cms123456.com/assets/uploads/files/007bf-thumbnail_canada.jpg
1849,Canada,Canada- SLICE Ca,Canada- SLICE Ca,,CA,CA:Slice.ca,Slice,CA,ontvtonight.com;tvhebdo.com;tvpassport.com,fuzzy_name_high,1.000,ok,,https://cms123456.com/assets/uploads/files/007bf-thumbnail_canada.jpg
1847,Canada,Canada- SUPER CHANNEL 1 Ca,Canada- SUPER CHANNEL 1 Ca,,CA,,,,,unmapped,0.706,unmapped,no reliable match in target-country guide channel set,https://cms123456.com/assets/uploads/files/007bf-thumbnail_canada.jpg
1846,Canada,Canada- SUPER CHANNEL 2 Ca,Canada- SUPER CHANNEL 2 Ca,,CA,,,,,unmapped,0.706,unmapped,no reliable match in target-country guide channel set,https://cms123456.com/assets/uploads/files/007bf-thumbnail_canada.jpg
1845,Canada,Canada- SUPER CHANNEL 4 Ca,Canada- SUPER CHANNEL 4 Ca,,CA,,,,,unmapped,0.706,unmapped,no reliable match in target-country guide channel set,https://cms123456.com/assets/uploads/files/007bf-thumbnail_canada.jpg
1868,Canada,Canada- Shopping,Canada- Shopping,,CA,,,,,unmapped,0.533,unmapped,no reliable match in target-country guide channel set,https://cms123456.com/assets/uploads/files/007bf-thumbnail_canada.jpg
1809,Canada,Canada- Slice HD CA,Canada- Slice HD CA,,CA,CA:Slice.ca,Slice,CA,ontvtonight.com;tvhebdo.com;tvpassport.com,fuzzy_name_high,1.000,ok,,https://cms123456.com/assets/uploads/files/007bf-thumbnail_canada.jpg
1932,Canada,Canada- Sports Net 360 FHD,Canada- Sports Net 360 FHD,,CA,CA:Sportsnet360.ca,Sportsnet 360,CA,tvhebdo.com;tvpassport.com;watch.sportsnet.ca,manual_alias,1.000,ok,,https://cms123456.com/assets/uploads/files/007bf-thumbnail_canada.jpg
1936,Canada,Canada- Sports Net East HD,Canada- Sports Net East HD,,CA,CA:Sportsnet.ca,Sportsnet,CA,ontvtonight.com;tvhebdo.com;tvpassport.com;tvtv.us;watch.sportsnet.ca,fuzzy_name_high,0.920,ok,,https://cms123456.com/assets/uploads/files/007bf-thumbnail_canada.jpg
1933,Canada,Canada- Sports Net One HD,Canada- Sports Net One HD,,CA,CA:SportsnetOne.ca,Sportsnet One,CA,ontvtonight.com;tvhebdo.com;tvpassport.com;tvtv.us;watch.sportsnet.ca,manual_alias,1.000,ok,,https://cms123456.com/assets/uploads/files/007bf-thumbnail_canada.jpg
1935,Canada,Canada- Sports Net Ontario HD,Canada- Sports Net Ontario HD,,CA,CA:Sportsnet.ca,Sportsnet,CA,ontvtonight.com;tvhebdo.com;tvpassport.com;tvtv.us;watch.sportsnet.ca,fuzzy_name_high,0.920,ok,,https://cms123456.com/assets/uploads/files/007bf-thumbnail_canada.jpg
1808,Canada,Canada- Sports Net Pacific HD CA,Canada- Sports Net Pacific HD CA,,CA,CA:Sportsnet.ca,Sportsnet,CA,ontvtonight.com;tvhebdo.com;tvpassport.com;tvtv.us;watch.sportsnet.ca,fuzzy_name_high,0.920,ok,,https://cms123456.com/assets/uploads/files/007bf-thumbnail_canada.jpg
1934,Canada,Canada- Sports Net World HD,Canada- Sports Net World HD,,CA,CA:SportsnetWorld.ca,Sportsnet World,CA,tvhebdo.com;tvpassport.com;tvtv.us;watch.sportsnet.ca,manual_alias,1.000,ok,,https://cms123456.com/assets/uploads/files/007bf-thumbnail_canada.jpg
1793,Canada,Canada- Super Ecran 1 (FR),Canada- Super Ecran 1 (FR),,CA,CA:SuperEcran1.ca,Super Ecran 1,CA,tvhebdo.com;tvpassport.com,fuzzy_name_high,1.000,ok,,https://cms123456.com/assets/uploads/files/007bf-thumbnail_canada.jpg
1922,Canada,Canada- Super Ecran 2 (FR),Canada- Super Ecran 2 (FR),,CA,CA:SuperEcran2.ca,Super Ecran 2,CA,ontvtonight.com;tvhebdo.com;tvpassport.com,fuzzy_name_high,1.000,ok,,https://cms123456.com/assets/uploads/files/007bf-thumbnail_canada.jpg
1923,Canada,Canada- Super Ecran 3 (FR),Canada- Super Ecran 3 (FR),,CA,CA:SuperEcran3.ca,Super Ecran 3,CA,tvhebdo.com;tvpassport.com,fuzzy_name_high,1.000,ok,,https://cms123456.com/assets/uploads/files/007bf-thumbnail_canada.jpg
1924,Canada,Canada- Super Ecran 4 (FR),Canada- Super Ecran 4 (FR),,CA,CA:SuperEcran4.ca,Super Ecran 4,CA,tvhebdo.com;tvpassport.com,fuzzy_name_high,1.000,ok,,https://cms123456.com/assets/uploads/files/007bf-thumbnail_canada.jpg
1844,Canada,Canada- TELE QUEBEC QC,Canada- TELE QUEBEC QC,,CA,,,,,unmapped,0.762,unmapped,no reliable match in target-country guide channel set,https://cms123456.com/assets/uploads/files/007bf-thumbnail_canada.jpg
1806,Canada,Canada- TLC HD CA,Canada- TLC HD CA,,CA,,,,,unmapped,0.667,unmapped,no reliable match in target-country guide channel set,https://cms123456.com/assets/uploads/files/007bf-thumbnail_canada.jpg
1843,Canada,Canada- TMN 2 HD Ca,Canada- TMN 2 HD Ca,,CA,,,,,unmapped,0.667,unmapped,no reliable match in target-country guide channel set,https://cms123456.com/assets/uploads/files/007bf-thumbnail_canada.jpg
1892,Canada,Canada- TRAVEL ESCAPE,Canada- TRAVEL ESCAPE,,CA,,,,,unmapped,0.606,unmapped,no reliable match in target-country guide channel set,https://cms123456.com/assets/uploads/files/007bf-thumbnail_canada.jpg
1842,Canada,Canada- TREEHOUSE Ca,Canada- TREEHOUSE Ca,,CA,CA:TreehouseTV.ca,Treehouse TV,CA,ontvtonight.com;tvhebdo.com;tvpassport.com,fuzzy_name_high,1.000,ok,,https://cms123456.com/assets/uploads/files/007bf-thumbnail_canada.jpg
1805,Canada,Canada- TSN 1 HD CA,Canada- TSN 1 HD CA,,CA,CA:TSN1.ca,TSN1,CA,epg.iptvx.one;tvhebdo.com;tvpassport.com;tvtv.us,manual_alias,1.000,ok,,https://cms123456.com/assets/uploads/files/007bf-thumbnail_canada.jpg
1804,Canada,Canada- TSN 2 HD CA,Canada- TSN 2 HD CA,,CA,CA:TSN2.ca,TSN2,CA,epg.iptvx.one;tvhebdo.com;tvpassport.com;tvtv.us,manual_alias,1.000,ok,,https://cms123456.com/assets/uploads/files/007bf-thumbnail_canada.jpg
1803,Canada,Canada- TSN 3 HD CA,Canada- TSN 3 HD CA,,CA,CA:TSN3.ca,TSN3,CA,epg.iptvx.one;tvhebdo.com;tvpassport.com;tvtv.us,manual_alias,1.000,ok,,https://cms123456.com/assets/uploads/files/007bf-thumbnail_canada.jpg
1802,Canada,Canada- TSN 4 HD CA,Canada- TSN 4 HD CA,,CA,CA:TSN4.ca,TSN4,CA,epg.iptvx.one;tvhebdo.com;tvpassport.com;tvtv.us,manual_alias,1.000,ok,,https://cms123456.com/assets/uploads/files/007bf-thumbnail_canada.jpg
1801,Canada,Canada- TSN 5 HD CA,Canada- TSN 5 HD CA,,CA,CA:TSN5.ca,TSN5,CA,epg.iptvx.one;tvhebdo.com;tvpassport.com;tvtv.us,manual_alias,1.000,ok,,https://cms123456.com/assets/uploads/files/007bf-thumbnail_canada.jpg
1841,Canada,Canada- TURNER CLASSIC MOVIES Ca,Canada- TURNER CLASSIC MOVIES Ca,,CA,,,,,unmapped,0.581,unmapped,no reliable match in target-country guide channel set,https://cms123456.com/assets/uploads/files/007bf-thumbnail_canada.jpg
1840,Canada,Canada- TV5 QUEBEC QC,Canada- TV5 QUEBEC QC,,CA,CA:TV5QuebecCanada.ca,TV5 Quebec Canada,CA,ontvtonight.com;tvhebdo.com,fuzzy_name_high,1.000,ok,,https://cms123456.com/assets/uploads/files/007bf-thumbnail_canada.jpg
1928,Canada,Canada- TVA Montreal (CFTM),Canada- TVA Montreal (CFTM),,CA,,,,,unmapped,0.571,unmapped,no reliable match in target-country guide channel set,https://cms123456.com/assets/uploads/files/007bf-thumbnail_canada.jpg
1839,Canada,Canada- TVA SPORTS QC,Canada- TVA SPORTS QC,,CA,CA:TVASports.ca,TVA Sports,CA,tvhebdo.com;tvpassport.com,manual_alias,1.000,ok,,https://cms123456.com/assets/uploads/files/007bf-thumbnail_canada.jpg
1891,Canada,Canada- TVO,Canada- TVO,,CA,,,,,unmapped,0.667,unmapped,no reliable match in target-country guide channel set,https://cms123456.com/assets/uploads/files/007bf-thumbnail_canada.jpg
1925,Canada,Canada- Teletoon (FR),Canada- Teletoon (FR),,CA,CA:TeletoonFrench.ca,Teletoon French,CA,tvhebdo.com,fuzzy_name_high,0.920,ok,,https://cms123456.com/assets/uploads/files/007bf-thumbnail_canada.jpg
1796,Canada,Canada- Teletoon Eng,Canada- Teletoon Eng,,CA,,,,,unmapped,0.815,unmapped,no reliable match in target-country guide channel set,https://cms123456.com/assets/uploads/files/007bf-thumbnail_canada.jpg
1931,Canada,Canada- Unis_TV_(FR),Canada- Unis_TV_(FR),,CA,CA:Unis.ca,Unis,CA,tvhebdo.com,fuzzy_name_high,0.920,ok,,https://cms123456.com/assets/uploads/files/007bf-thumbnail_canada.jpg
1838,Canada,Canada- VISION TV Ca,Canada- VISION TV Ca,,CA,CA:SaltPlusLightTelevision.ca,Salt + Light Television,CA,ontvtonight.com;tvhebdo.com,fuzzy_name_high,0.920,ok,,https://cms123456.com/assets/uploads/files/007bf-thumbnail_canada.jpg
1837,Canada,Canada- VRAK TV QC,Canada- VRAK TV QC,,CA,CA:Vrak.ca,Vrak,CA,tvpassport.com,fuzzy_name_high,1.000,ok,,https://cms123456.com/assets/uploads/files/007bf-thumbnail_canada.jpg
1897,Canada,Canada- W_NETWORK,Canada- W_NETWORK,,CA,CA:WNetwork.ca,W Network,CA,ontvtonight.com;tvhebdo.com,fuzzy_name_high,1.000,ok,,https://cms123456.com/assets/uploads/files/007bf-thumbnail_canada.jpg
1895,Canada,Canada- Wild TV,Canada- Wild TV,,CA,CA:WildTV.ca,Wild TV,CA,distro.tv;m.tv.sms.cz;tv.nu;tvhebdo.com;tvpassport.com,fuzzy_name_high,1.000,ok,,https://cms123456.com/assets/uploads/files/007bf-thumbnail_canada.jpg
1836,Canada,Canada- YES Ca,Canada- YES Ca,,CA,,,,,unmapped,0.500,unmapped,no reliable match in target-country guide channel set,https://cms123456.com/assets/uploads/files/007bf-thumbnail_canada.jpg
1800,Canada,Canada- YES TV HD CA,Canada- YES TV HD CA,,CA,,,,,unmapped,0.500,unmapped,no reliable match in target-country guide channel set,https://cms123456.com/assets/uploads/files/007bf-thumbnail_canada.jpg
1889,Canada,Canada- YOOPA (FR),Canada- YOOPA (FR),,CA,CA:Yoopa.ca,Yoopa,CA,ontvtonight.com;tvhebdo.com,fuzzy_name_high,1.000,ok,,https://cms123456.com/assets/uploads/files/007bf-thumbnail_canada.jpg
1888,Canada,Canada- YTV,Canada- YTV,,CA,CA:YTV.ca,YTV,CA,ontvtonight.com;tvhebdo.com,fuzzy_name_high,1.000,ok,,https://cms123456.com/assets/uploads/files/007bf-thumbnail_canada.jpg
1835,Canada,Canada- Z TELE QC,Canada- Z TELE QC,,CA,,,,,unmapped,0.714,unmapped,no reliable match in target-country guide channel set,https://cms123456.com/assets/uploads/files/007bf-thumbnail_canada.jpg
1834,Canada,Canada- ZESTE QC,Canada- ZESTE QC,,CA,CA:Zeste.ca,Zeste,CA,ontvtonight.com;tvhebdo.com,fuzzy_name_high,1.000,ok,,https://cms123456.com/assets/uploads/files/007bf-thumbnail_canada.jpg
1832,Canada,Canada- beIN Sports HD CA,Canada- beIN Sports HD CA,,CA,,,,,unmapped,0.783,unmapped,manual alias target not in target guide metadata: CA:beINSportsCanada.ca,https://cms123456.com/assets/uploads/files/007bf-thumbnail_canada.jpg
1927,Canada,Canada- crave 2,Canada- crave 2,,CA,CA:Crave1.ca,Crave 1,CA,tvhebdo.com,fuzzy_name_review,0.857,review,,https://cms123456.com/assets/uploads/files/007bf-thumbnail_canada.jpg
1848,Canada,Canada- crave1,Canada- crave1,,CA,CA:Crave1.ca,Crave 1,CA,tvhebdo.com,fuzzy_name_high,1.000,ok,,https://cms123456.com/assets/uploads/files/007bf-thumbnail_canada.jpg
1938,Canada,Canada-CBC CALGARY HD,Canada-CBC CALGARY HD,,CA,,,,,unmapped,0.421,unmapped,no reliable match in target-country guide channel set,https://cms123456.com/assets/uploads/files/007bf-thumbnail_canada.jpg
1799,Canada,Canada-Daystar,Canada-Daystar,,CA,,,,,unmapped,0.615,unmapped,no reliable match in target-country guide channel set,https://cms123456.com/assets/uploads/files/007bf-thumbnail_canada.jpg
1939,Canada,Canada-Family jr,Canada-Family jr,,CA,CA:FamilyJr.ca,Family Jr,CA,tvhebdo.com;tvpassport.com,fuzzy_name_high,1.000,ok,,https://cms123456.com/assets/uploads/files/007bf-thumbnail_canada.jpg
1807,Canada,Sportsnet (Ontario),Canada- Sports Net West HD CA,CA:Sportsnet.ca,CA,CA:Sportsnet.ca,Sportsnet,CA,ontvtonight.com;tvhebdo.com;tvpassport.com;tvtv.us;watch.sportsnet.ca,manual_alias,1.000,ok,,https://upload.wikimedia.org/wikipedia/commons/thumb/7/7f/Logo_Sportsnet_2011.svg/960px-Logo_Sportsnet_2011.svg.png
1220,French Sports,CANAL+FOOT,FR-SP:Canal+ Foot v2,FR:CanalPlusFoot.fr,FR,FR:CanalPlusFoot.fr,Canal+ Foot,FR,canalplus.com;chaines-tv.orange.fr;guidetnt.com;tv.blue.ch;tv.sfr.fr;tvcesoir.fr,manual_alias,1.000,ok,,https://upload.wikimedia.org/wikipedia/commons/e/eb/Canal%2BFoot.png
1390,French Sports,Dazn betclic Elite 1,Dazn betclic Elite 1,,FR,,,,,unmapped,0.000,unmapped,ambiguous/event channel; not mapped to a different parent/region EPG channel,
1381,French Sports,Dazn betclic Elite 10,Dazn betclic Elite 10,,FR,,,,,unmapped,0.000,unmapped,ambiguous/event channel; not mapped to a different parent/region EPG channel,
1389,French Sports,Dazn betclic Elite 2,Dazn betclic Elite 2,,FR,,,,,unmapped,0.000,unmapped,ambiguous/event channel; not mapped to a different parent/region EPG channel,
1388,French Sports,Dazn betclic Elite 3,Dazn betclic Elite 3,,FR,,,,,unmapped,0.000,unmapped,ambiguous/event channel; not mapped to a different parent/region EPG channel,
1387,French Sports,Dazn betclic Elite 4,Dazn betclic Elite 4,,FR,,,,,unmapped,0.000,unmapped,ambiguous/event channel; not mapped to a different parent/region EPG channel,
1386,French Sports,Dazn betclic Elite 5,Dazn betclic Elite 5,,FR,,,,,unmapped,0.000,unmapped,ambiguous/event channel; not mapped to a different parent/region EPG channel,
1385,French Sports,Dazn betclic Elite 6,Dazn betclic Elite 6,,FR,,,,,unmapped,0.000,unmapped,ambiguous/event channel; not mapped to a different parent/region EPG channel,
1384,French Sports,Dazn betclic Elite 7,Dazn betclic Elite 7,,FR,,,,,unmapped,0.000,unmapped,ambiguous/event channel; not mapped to a different parent/region EPG channel,
1383,French Sports,Dazn betclic Elite 8,Dazn betclic Elite 8,,FR,,,,,unmapped,0.000,unmapped,ambiguous/event channel; not mapped to a different parent/region EPG channel,
1382,French Sports,Dazn betclic Elite 9,Dazn betclic Elite 9,,FR,,,,,unmapped,0.000,unmapped,ambiguous/event channel; not mapped to a different parent/region EPG channel,
1235,French Sports,FR- Canal+live 1,FR- Canal+live 1,,FR,,,,,unmapped,0.000,unmapped,ambiguous/event channel; not mapped to a different parent/region EPG channel,https://cms123456.com/assets/uploads/files/869df-0a039-canal-.png
1244,French Sports,FR- Canal+live 10,FR- Canal+live 10,,FR,,,,,unmapped,0.000,unmapped,ambiguous/event channel; not mapped to a different parent/region EPG channel,
1245,French Sports,FR- Canal+live 11,FR- Canal+live 11,,FR,,,,,unmapped,0.000,unmapped,ambiguous/event channel; not mapped to a different parent/region EPG channel,https://cms123456.com/assets/uploads/files/869df-0a039-canal-.png
1246,French Sports,FR- Canal+live 12,FR- Canal+live 12,,FR,,,,,unmapped,0.000,unmapped,ambiguous/event channel; not mapped to a different parent/region EPG channel,https://cms123456.com/assets/uploads/files/869df-0a039-canal-.png
1247,French Sports,FR- Canal+live 13,FR- Canal+live 13,,FR,,,,,unmapped,0.000,unmapped,ambiguous/event channel; not mapped to a different parent/region EPG channel,https://cms123456.com/assets/uploads/files/869df-0a039-canal-.png
1248,French Sports,FR- Canal+live 14,FR- Canal+live 14,,FR,,,,,unmapped,0.000,unmapped,ambiguous/event channel; not mapped to a different parent/region EPG channel,https://cms123456.com/assets/uploads/files/869df-0a039-canal-.png
1249,French Sports,FR- Canal+live 15,FR- Canal+live 15,,FR,,,,,unmapped,0.000,unmapped,ambiguous/event channel; not mapped to a different parent/region EPG channel,https://cms123456.com/assets/uploads/files/869df-0a039-canal-.png
1250,French Sports,FR- Canal+live 16,FR- Canal+live 16,,FR,,,,,unmapped,0.000,unmapped,ambiguous/event channel; not mapped to a different parent/region EPG channel,https://cms123456.com/assets/uploads/files/869df-0a039-canal-.png
1251,French Sports,FR- Canal+live 17,FR- Canal+live 17,,FR,,,,,unmapped,0.000,unmapped,ambiguous/event channel; not mapped to a different parent/region EPG channel,https://cms123456.com/assets/uploads/files/869df-0a039-canal-.png
1252,French Sports,FR- Canal+live 18,FR- Canal+live 18,,FR,,,,,unmapped,0.000,unmapped,ambiguous/event channel; not mapped to a different parent/region EPG channel,https://cms123456.com/assets/uploads/files/869df-0a039-canal-.png
1253,French Sports,FR- Canal+live 19,FR- Canal+live 19,,FR,,,,,unmapped,0.000,unmapped,ambiguous/event channel; not mapped to a different parent/region EPG channel,https://cms123456.com/assets/uploads/files/869df-0a039-canal-.png
1236,French Sports,FR- Canal+live 2,FR- Canal+live 2,,FR,,,,,unmapped,0.000,unmapped,ambiguous/event channel; not mapped to a different parent/region EPG channel,https://cms123456.com/assets/uploads/files/869df-0a039-canal-.png
1237,French Sports,FR- Canal+live 3,FR- Canal+live 3,,FR,,,,,unmapped,0.000,unmapped,ambiguous/event channel; not mapped to a different parent/region EPG channel,https://cms123456.com/assets/uploads/files/869df-0a039-canal-.png
1238,French Sports,FR- Canal+live 4,FR- Canal+live 4,,FR,,,,,unmapped,0.000,unmapped,ambiguous/event channel; not mapped to a different parent/region EPG channel,https://cms123456.com/assets/uploads/files/869df-0a039-canal-.png
1239,French Sports,FR- Canal+live 5,FR- Canal+live 5,,FR,,,,,unmapped,0.000,unmapped,ambiguous/event channel; not mapped to a different parent/region EPG channel,https://cms123456.com/assets/uploads/files/869df-0a039-canal-.png
1240,French Sports,FR- Canal+live 6,FR- Canal+live 6,,FR,,,,,unmapped,0.000,unmapped,ambiguous/event channel; not mapped to a different parent/region EPG channel,https://cms123456.com/assets/uploads/files/869df-0a039-canal-.png
1241,French Sports,FR- Canal+live 7,FR- Canal+live 7,,FR,,,,,unmapped,0.000,unmapped,ambiguous/event channel; not mapped to a different parent/region EPG channel,https://cms123456.com/assets/uploads/files/869df-0a039-canal-.png
1242,French Sports,FR- Canal+live 8,FR- Canal+live 8,,FR,,,,,unmapped,0.000,unmapped,ambiguous/event channel; not mapped to a different parent/region EPG channel,https://cms123456.com/assets/uploads/files/869df-0a039-canal-.png
1243,French Sports,FR- Canal+live 9,FR- Canal+live 9,,FR,,,,,unmapped,0.000,unmapped,ambiguous/event channel; not mapped to a different parent/region EPG channel,
1280,French Sports,FR-DAZN 2,FR-DAZN 2,,FR,,,,,unmapped,0.571,unmapped,no reliable match in target-country guide channel set,
1281,French Sports,FR-Dazn 3,FR-Dazn 3,,FR,,,,,unmapped,0.571,unmapped,no reliable match in target-country guide channel set,
1312,French Sports,FR-SP:AutoMoto,FR-SP:AutoMoto,Automoto.fr,FR,FR:Automotolachaine.fr,Automoto la chaine,FR,canalplus.com;chaines-tv.orange.fr;guidetnt.com;mon-programme-tv.be;pickx.be;programme-tv.net;tv-programme.telecablesat.fr;tv.blue.ch;tv.post.lu;tv.sfr.fr;tvcesoir.fr,manual_alias,1.000,ok,,https://cms123456.com/assets/uploads/files/46fce-logo_automoto_2018.jpg
1254,French Sports,FR-SP:Bein-Sports-1FR,FR-SP:Bein-Sports-1FR,,FR,,,,,unmapped,0.643,unmapped,no reliable match in target-country guide channel set,https://cms123456.com/assets/uploads/files/415a6-unnamed.jpg
1255,French Sports,FR-SP:Bein-Sports-1FR V2,FR-SP:Bein-Sports-1FR V2,beINSport1.fr,FR,,,,,unmapped,0.600,unmapped,source EPG id present but no target-country guide channel: beINSport1.fr,https://cms123456.com/assets/uploads/files/95342-415a6-unnamed.jpg
1256,French Sports,FR-SP:Bein-Sports-2FR,FR-SP:Bein-Sports-2FR,beINSport2.fr,FR,,,,,unmapped,0.643,unmapped,source EPG id present but no target-country guide channel: beINSport2.fr,https://cms123456.com/assets/uploads/files/415a6-unnamed.jpg
1257,French Sports,FR-SP:Bein-Sports-3FR,FR-SP:Bein-Sports-3FR,beINSport3.fr,FR,,,,,unmapped,0.643,unmapped,source EPG id present but no target-country guide channel: beINSport3.fr,https://cms123456.com/assets/uploads/files/415a6-unnamed.jpg
1264,French Sports,FR-SP:Bein-Sports-max-10,FR-SP:Bein-Sports-max-10,BeInSportMax10.fr,FR,,,,,unmapped,0.000,unmapped,source EPG id present but no target-country guide channel: BeInSportMax10.fr,https://cms123456.com/assets/uploads/files/3067c-415a6-unnamed.jpg
1258,French Sports,FR-SP:Bein-Sports-max-4,FR-SP:Bein-Sports-max-4,BeInSportMax4.fr,FR,,,,,unmapped,0.000,unmapped,source EPG id present but no target-country guide channel: BeInSportMax4.fr,https://cms123456.com/assets/uploads/files/415a6-unnamed.jpg
1259,French Sports,FR-SP:Bein-Sports-max-5,FR-SP:Bein-Sports-max-5,BeInSportMax5.fr,FR,,,,,unmapped,0.000,unmapped,source EPG id present but no target-country guide channel: BeInSportMax5.fr,https://cms123456.com/assets/uploads/files/415a6-unnamed.jpg
1260,French Sports,FR-SP:Bein-Sports-max-6,FR-SP:Bein-Sports-max-6,BeInSportMax6.fr,FR,,,,,unmapped,0.000,unmapped,source EPG id present but no target-country guide channel: BeInSportMax6.fr,https://cms123456.com/assets/uploads/files/415a6-unnamed.jpg
1261,French Sports,FR-SP:Bein-Sports-max-7,FR-SP:Bein-Sports-max-7,BeInSportMax7.fr,FR,,,,,unmapped,0.000,unmapped,source EPG id present but no target-country guide channel: BeInSportMax7.fr,https://cms123456.com/assets/uploads/files/415a6-unnamed.jpg
1262,French Sports,FR-SP:Bein-Sports-max-8,FR-SP:Bein-Sports-max-8,BeInSportMax8.fr,FR,,,,,unmapped,0.000,unmapped,source EPG id present but no target-country guide channel: BeInSportMax8.fr,https://cms123456.com/assets/uploads/files/415a6-unnamed.jpg
1263,French Sports,FR-SP:Bein-Sports-max-9,FR-SP:Bein-Sports-max-9,BeInSportMax9.fr,FR,,,,,unmapped,0.000,unmapped,source EPG id present but no target-country guide channel: BeInSportMax9.fr,https://cms123456.com/assets/uploads/files/415a6-unnamed.jpg
1234,French Sports,FR-SP:CANAL+ premier league,FR-SP:CANAL+ premier league,,FR,FR:CanalPlusPremierLeague.fr,Canal+ Premier League,FR,canalplus.com;programme-tv.net;tv.blue.ch,fuzzy_name_high,1.000,ok,,https://cms123456.com/assets/uploads/files/2a127-canal-plus-logo-vignette.jpg
1219,French Sports,FR-SP:Canal+ Foot,FR-SP:Canal+ Foot,,FR,FR:CanalPlusFoot.fr,Canal+ Foot,FR,canalplus.com;chaines-tv.orange.fr;guidetnt.com;tv.blue.ch;tv.sfr.fr;tvcesoir.fr,manual_alias,1.000,ok,,https://cms123456.com/assets/uploads/files/8d939-telechargement.png
1229,French Sports,FR-SP:Canal+ SPORTS FHD 1,FR-SP:Canal+ SPORTS FHD 1,,FR,,,,,unmapped,0.000,unmapped,ambiguous/event channel; not mapped to a different parent/region EPG channel,https://cms123456.com/assets/uploads/files/a6840-280_medium.png
1230,French Sports,FR-SP:Canal+ SPORTS FHD 2,FR-SP:Canal+ SPORTS FHD 2,,FR,,,,,unmapped,0.000,unmapped,ambiguous/event channel; not mapped to a different parent/region EPG channel,https://cms123456.com/assets/uploads/files/a6840-280_medium.png
1231,French Sports,FR-SP:Canal+ SPORTS FHD 3,FR-SP:Canal+ SPORTS FHD 3,,FR,,,,,unmapped,0.000,unmapped,ambiguous/event channel; not mapped to a different parent/region EPG channel,https://cms123456.com/assets/uploads/files/a6840-280_medium.png
1232,French Sports,FR-SP:Canal+ SPORTS FHD 4,FR-SP:Canal+ SPORTS FHD 4,,FR,,,,,unmapped,0.000,unmapped,ambiguous/event channel; not mapped to a different parent/region EPG channel,https://cms123456.com/assets/uploads/files/a6840-280_medium.png
1233,French Sports,FR-SP:Canal+ SPORTS FHD 5,FR-SP:Canal+ SPORTS FHD 5,,FR,,,,,unmapped,0.000,unmapped,ambiguous/event channel; not mapped to a different parent/region EPG channel,https://cms123456.com/assets/uploads/files/a6840-280_medium.png
1224,French Sports,FR-SP:Canal+ Sport 1,FR-SP:Canal+ Sport 1,,FR,,,,,unmapped,0.000,unmapped,ambiguous/event channel; not mapped to a different parent/region EPG channel,https://cms123456.com/assets/uploads/files/a6840-280_medium.png
1225,French Sports,FR-SP:Canal+ Sport 2,FR-SP:Canal+ Sport 2,,FR,,,,,unmapped,0.000,unmapped,ambiguous/event channel; not mapped to a different parent/region EPG channel,https://cms123456.com/assets/uploads/files/a6840-280_medium.png
1226,French Sports,FR-SP:Canal+ Sport 3,FR-SP:Canal+ Sport 3,,FR,,,,,unmapped,0.000,unmapped,ambiguous/event channel; not mapped to a different parent/region EPG channel,https://cms123456.com/assets/uploads/files/a6840-280_medium.png
1221,French Sports,FR-SP:Canal+ Sport 360,FR-SP:Canal+ Sport 360,,FR,FR:CanalPlusSport360.fr,Canal+ Sport 360,FR,canalplus.com;chaines-tv.orange.fr;guidetnt.com;tv.blue.ch;tv.sfr.fr;tvcesoir.fr,manual_alias,1.000,ok,,https://cms123456.com/assets/uploads/files/a391b-canal-sport_360.png
1222,French Sports,FR-SP:Canal+ Sport 360 v2,FR-SP:Canal+ Sport 360 v2,,FR,,,,,unmapped,0.000,unmapped,ambiguous/event channel; not mapped to a different parent/region EPG channel,https://cms123456.com/assets/uploads/files/1083a-a391b-canal-sport_360.png
1227,French Sports,FR-SP:Canal+ Sport 4,FR-SP:Canal+ Sport 4,,FR,,,,,unmapped,0.000,unmapped,ambiguous/event channel; not mapped to a different parent/region EPG channel,https://cms123456.com/assets/uploads/files/a6840-280_medium.png
1228,French Sports,FR-SP:Canal+ Sport 5,FR-SP:Canal+ Sport 5,,FR,,,,,unmapped,0.000,unmapped,ambiguous/event channel; not mapped to a different parent/region EPG channel,https://cms123456.com/assets/uploads/files/a6840-280_medium.png
1223,French Sports,FR-SP:Canal+Sport,FR-SP:Canal+Sport,CANALplusSPORT.fr,FR,FR:CanalPlusSport360.fr,Canal+ Sport 360,FR,canalplus.com;chaines-tv.orange.fr;guidetnt.com;tv.blue.ch;tv.sfr.fr;tvcesoir.fr,manual_alias,1.000,ok,,https://cms123456.com/assets/uploads/files/2a127-canal-plus-logo-vignette.jpg
1287,French Sports,FR-SP:Dazn 1,FR-SP:Dazn 1,,FR,,,,,unmapped,0.500,unmapped,no reliable match in target-country guide channel set,https://cms123456.com/assets/uploads/files/2bf1d-img_1840.jpeg
1332,French Sports,FR-SP:EQUIDIA,FR-SP:EQUIDIA,EquidiaLive.fr,FR,FR:Equidia.fr,Equidia,FR,canalplus.com;chaines-tv.orange.fr;mon-programme-tv.be;programme-tv.net;tv-programme.telecablesat.fr;tv.blue.ch;tv.sfr.fr;tvcesoir.fr,fuzzy_name_high,1.000,ok,source EPG id present but no target-country guide channel: EquidiaLive.fr,https://cms123456.com/assets/uploads/files/1a339-equidia.png
1316,French Sports,FR-SP:ES1,FR-SP:ES1,,FR,,,,,unmapped,0.500,unmapped,no reliable match in target-country guide channel set,https://cms123456.com/assets/uploads/files/5baf0-unnamed-10-.jpg
1318,French Sports,FR-SP:EUROSPORT 1,FR-SP:EUROSPORT 1,Eurosport1.fr,FR,FR:Eurosport1.fr,Eurosport 1,FR,canalplus.com;epg.iptvx.one;gatotv.com;guida.tv;guidetnt.com;horizon.tv;m.tv.sms.cz;melita.com;meo.pt;mon-programme-tv.be;mujtvprogram.cz;musor.tv;mytelly.co.uk;nostv.pt;novasports.gr;orangetv.orange.es;pickx.be;programacion-tv.elpais.com;programetv.ro;programme-tv.net;programtv.onet.pl;superguidatv.it;teliatv.ee;turksatkablo.com.tr;tv-programme.telecablesat.fr;tv.blue.ch;tv.dir.bg;tv.lv;tv.magenta.at;tv.mail.ru;tv.nu;tv.post.lu;tv.sfr.fr;tv24.se;tv2go.t-2.net;tvcesoir.fr;tvgids.nl;tvheute.at;tvireland.ie;tvmusor.hu;tvplus.com.tr;tvprofil.com;virgintvgo.virginmedia.com;vodafone.pt;web.magentatv.de;webtv.delta.nl;ziggogo.tv,manual_alias,1.000,ok,,https://cms123456.com/assets/uploads/files/37b5f-236176-24642541-2560-1440.jpg
1319,French Sports,FR-SP:EUROSPORT 2,FR-SP:EUROSPORT 2,Eurosport2.fr,FR,FR:Eurosport2.fr,Eurosport 2,FR,canalplus.com;epg.iptvx.one;gatotv.com;guida.tv;guidetnt.com;horizon.tv;m.tv.sms.cz;melita.com;meo.pt;mon-programme-tv.be;mujtvprogram.cz;musor.tv;mytelly.co.uk;nostv.pt;novasports.gr;orangetv.orange.es;pickx.be;programacion-tv.elpais.com;programetv.ro;programme-tv.net;programtv.onet.pl;superguidatv.it;teliatv.ee;turksatkablo.com.tr;tv-programme.telecablesat.fr;tv.blue.ch;tv.dir.bg;tv.lv;tv.mail.ru;tv.nu;tv.post.lu;tv.sfr.fr;tv24.se;tv2go.t-2.net;tvcesoir.fr;tvgids.nl;tvireland.ie;tvmusor.hu;tvplus.com.tr;tvprofil.com;virgintvgo.virginmedia.com;vodafone.pt;web.magentatv.de;webtv.delta.nl;ziggogo.tv,manual_alias,1.000,ok,,https://cms123456.com/assets/uploads/files/37b5f-236176-24642541-2560-1440.jpg
1320,French Sports,FR-SP:EUROSPORT 3,FR-SP:EUROSPORT 3,,FR,,,,,unmapped,0.000,unmapped,ambiguous/event channel; not mapped to a different parent/region EPG channel,
1327,French Sports,FR-SP:EUROSPORT 360°,FR-SP:EUROSPORT 360°,,FR,,,,,unmapped,0.000,unmapped,ambiguous/event channel; not mapped to a different parent/region EPG channel,
1321,French Sports,FR-SP:EUROSPORT 4,FR-SP:EUROSPORT 4,,FR,,,,,unmapped,0.000,unmapped,ambiguous/event channel; not mapped to a different parent/region EPG channel,
1322,French Sports,FR-SP:EUROSPORT 5,FR-SP:EUROSPORT 5,,FR,,,,,unmapped,0.000,unmapped,ambiguous/event channel; not mapped to a different parent/region EPG channel,
1323,French Sports,FR-SP:EUROSPORT 6,FR-SP:EUROSPORT 6,,FR,,,,,unmapped,0.000,unmapped,ambiguous/event channel; not mapped to a different parent/region EPG channel,
1324,French Sports,FR-SP:EUROSPORT 7 ,FR-SP:EUROSPORT 7 ,,FR,,,,,unmapped,0.000,unmapped,ambiguous/event channel; not mapped to a different parent/region EPG channel,
1325,French Sports,FR-SP:EUROSPORT 8,FR-SP:EUROSPORT 8,,FR,,,,,unmapped,0.000,unmapped,ambiguous/event channel; not mapped to a different parent/region EPG channel,
1326,French Sports,FR-SP:EUROSPORT 9 ,FR-SP:EUROSPORT 9 ,,FR,,,,,unmapped,0.000,unmapped,ambiguous/event channel; not mapped to a different parent/region EPG channel,
1342,French Sports,FR-SP:Equidia RacingGalop,FR-SP:Equidia RacingGalop,,FR,FR:Equidia.fr,Equidia,FR,canalplus.com;chaines-tv.orange.fr;mon-programme-tv.be;programme-tv.net;tv-programme.telecablesat.fr;tv.blue.ch;tv.sfr.fr;tvcesoir.fr,fuzzy_name_high,0.920,ok,,https://cms123456.com/assets/uploads/files/4680d-equidiaracinggalop.png
1343,French Sports,FR-SP:Equidia RacingMag,FR-SP:Equidia RacingMag,,FR,FR:Equidia.fr,Equidia,FR,canalplus.com;chaines-tv.orange.fr;mon-programme-tv.be;programme-tv.net;tv-programme.telecablesat.fr;tv.blue.ch;tv.sfr.fr;tvcesoir.fr,fuzzy_name_high,0.920,ok,,https://cms123456.com/assets/uploads/files/b9695-equidiaracingmag.png
1341,French Sports,FR-SP:Equidia RacingTrot,FR-SP:Equidia RacingTrot,,FR,FR:Equidia.fr,Equidia,FR,canalplus.com;chaines-tv.orange.fr;mon-programme-tv.be;programme-tv.net;tv-programme.telecablesat.fr;tv.blue.ch;tv.sfr.fr;tvcesoir.fr,fuzzy_name_high,0.920,ok,,https://cms123456.com/assets/uploads/files/1f1fc-equidiaracingtrot.png
1333,French Sports,FR-SP:Equidia Racnig 1,FR-SP:Equidia Racnig 1,,FR,FR:Equidia.fr,Equidia,FR,canalplus.com;chaines-tv.orange.fr;mon-programme-tv.be;programme-tv.net;tv-programme.telecablesat.fr;tv.blue.ch;tv.sfr.fr;tvcesoir.fr,fuzzy_name_high,0.920,ok,,https://cms123456.com/assets/uploads/files/d9544-equidiar1.png
1334,French Sports,FR-SP:Equidia Racnig 2,FR-SP:Equidia Racnig 2,,FR,FR:Equidia.fr,Equidia,FR,canalplus.com;chaines-tv.orange.fr;mon-programme-tv.be;programme-tv.net;tv-programme.telecablesat.fr;tv.blue.ch;tv.sfr.fr;tvcesoir.fr,fuzzy_name_high,0.920,ok,,https://cms123456.com/assets/uploads/files/d5a2e-equidiar2.png
1335,French Sports,FR-SP:Equidia Racnig 3,FR-SP:Equidia Racnig 3,,FR,FR:Equidia.fr,Equidia,FR,canalplus.com;chaines-tv.orange.fr;mon-programme-tv.be;programme-tv.net;tv-programme.telecablesat.fr;tv.blue.ch;tv.sfr.fr;tvcesoir.fr,fuzzy_name_high,0.920,ok,,https://cms123456.com/assets/uploads/files/94c09-equidiar3.png
1336,French Sports,FR-SP:Equidia Racnig 4,FR-SP:Equidia Racnig 4,,FR,FR:Equidia.fr,Equidia,FR,canalplus.com;chaines-tv.orange.fr;mon-programme-tv.be;programme-tv.net;tv-programme.telecablesat.fr;tv.blue.ch;tv.sfr.fr;tvcesoir.fr,fuzzy_name_high,0.920,ok,,https://cms123456.com/assets/uploads/files/cb216-equidiar4.png
1337,French Sports,FR-SP:Equidia Racnig 5,FR-SP:Equidia Racnig 5,,FR,FR:Equidia.fr,Equidia,FR,canalplus.com;chaines-tv.orange.fr;mon-programme-tv.be;programme-tv.net;tv-programme.telecablesat.fr;tv.blue.ch;tv.sfr.fr;tvcesoir.fr,fuzzy_name_high,0.920,ok,,https://cms123456.com/assets/uploads/files/da464-equidiar5.png
1338,French Sports,FR-SP:Equidia Racnig 6,FR-SP:Equidia Racnig 6,,FR,FR:Equidia.fr,Equidia,FR,canalplus.com;chaines-tv.orange.fr;mon-programme-tv.be;programme-tv.net;tv-programme.telecablesat.fr;tv.blue.ch;tv.sfr.fr;tvcesoir.fr,fuzzy_name_high,0.920,ok,,https://cms123456.com/assets/uploads/files/7702d-equidiar6.png
1339,French Sports,FR-SP:Equidia Racnig 7,FR-SP:Equidia Racnig 7,,FR,FR:Equidia.fr,Equidia,FR,canalplus.com;chaines-tv.orange.fr;mon-programme-tv.be;programme-tv.net;tv-programme.telecablesat.fr;tv.blue.ch;tv.sfr.fr;tvcesoir.fr,fuzzy_name_high,0.920,ok,,https://cms123456.com/assets/uploads/files/87b8a-equidiar7.png
1340,French Sports,FR-SP:Equidia Racnig 8,FR-SP:Equidia Racnig 8,,FR,FR:Equidia.fr,Equidia,FR,canalplus.com;chaines-tv.orange.fr;mon-programme-tv.be;programme-tv.net;tv-programme.telecablesat.fr;tv.blue.ch;tv.sfr.fr;tvcesoir.fr,fuzzy_name_high,0.920,ok,,https://cms123456.com/assets/uploads/files/ba929-equidiar8.png
1317,French Sports,FR-SP:Euronews,FR-SP:Euronews,Euronews.fr,FR,FR:EuronewsEnglish.fr,Euronews English,FR,airtelxstream.in;bein.com;cubmu.com;digiturk.com.tr;distro.tv;freeview.co.uk;guidatv.sky.it;horizon.tv;i.mjh.nz;m.tv.sms.cz;melita.com;meo.pt;mncvision.id;mujtvprogram.cz;mytelly.co.uk;nowplayer.now.com;pickx.be;playtv.unifi.com.my;plex.tv;pluto.tv;programetv.ro;programtv.onet.pl;sky.com;starhubtvplus.com;teliatv.ee;tv.blue.ch;tv.dir.bg;tv.nu;tv2go.t-2.net;tvgids.nl;tvhebdo.com;tvireland.ie;tvpassport.com;tvplus.com.tr;tvtv.us;vidio.com;virgintvgo.virginmedia.com;visionplus.id;vodafone.pt;watch.whaletvplus.com;webtv.delta.nl;ziggogo.tv,fuzzy_name_high,0.920,ok,source EPG id present but no target-country guide channel: Euronews.fr,https://cms123456.com/assets/uploads/files/37b5f-236176-24642541-2560-1440.jpg
1308,French Sports,FR-SP:Foot+,FR-SP:Foot+,C+FOOT.fr,FR,,,,,unmapped,0.667,unmapped,source EPG id present but no target-country guide channel: C+FOOT.fr,https://cms123456.com/assets/uploads/files/af4e9-images-1-.png
1310,French Sports,FR-SP:Golf Channel,FR-SP:Golf Channel,GolfChannel.fr,FR,FR:GolfChannel.fr,Golf Channel,FR,tv-programme.telecablesat.fr;tv.blue.ch;tvcesoir.fr,source_epg_id_exact,1.000,ok,,https://cms123456.com/assets/uploads/files/1b3c6-unnamed.png
1309,French Sports,FR-SP:Golf+,FR-SP:Golf+,GolfPlus.fr,FR,FR:GolfPlus.fr,Golf +,FR,canalplus.com;programme-tv.net;tv-programme.telecablesat.fr;tv.blue.ch,source_epg_id_exact,1.000,ok,,https://cms123456.com/assets/uploads/files/97074-uzhax6b0_400x400.jpg
1311,French Sports,FR-SP:INFOSPORT+,FR-SP:INFOSPORT+,Infosport.fr,FR,FR:InfosportPlus.fr,Infosport+,FR,canalplus.com;programme-tv.net;tv-programme.telecablesat.fr;tv.blue.ch;tvcesoir.fr,fuzzy_name_high,1.000,ok,source EPG id present but no target-country guide channel: Infosport.fr,https://cms123456.com/assets/uploads/files/c2093-telechargement.png
1328,French Sports,FR-SP:LEquipe,FR-SP:LEquipe,EquipeTV.fr,FR,FR:LEquipe.fr,L'Equipe,FR,canalplus.com;chaines-tv.orange.fr;guidetnt.com;programme-tv.net;tv-programme.telecablesat.fr;tv.blue.ch;tv.sfr.fr;tvcesoir.fr,fuzzy_name_high,1.000,ok,source EPG id present but no target-country guide channel: EquipeTV.fr,https://cms123456.com/assets/uploads/files/685c2-lequipe-050920.jpg
1329,French Sports,FR-SP:LEquipe Live 1,FR-SP:LEquipe Live 1,,FR,FR:LEquipe.fr,L'Equipe,FR,canalplus.com;chaines-tv.orange.fr;guidetnt.com;programme-tv.net;tv-programme.telecablesat.fr;tv.blue.ch;tv.sfr.fr;tvcesoir.fr,fuzzy_name_high,0.920,ok,,https://cms123456.com/assets/uploads/files/685c2-lequipe-050920.jpg
1330,French Sports,FR-SP:LEquipe Live 2,FR-SP:LEquipe Live 2,,FR,FR:LEquipe.fr,L'Equipe,FR,canalplus.com;chaines-tv.orange.fr;guidetnt.com;programme-tv.net;tv-programme.telecablesat.fr;tv.blue.ch;tv.sfr.fr;tvcesoir.fr,fuzzy_name_high,0.920,ok,,https://cms123456.com/assets/uploads/files/685c2-lequipe-050920.jpg
1331,French Sports,FR-SP:LEquipe Live 3,FR-SP:LEquipe Live 3,,FR,FR:LEquipe.fr,L'Equipe,FR,canalplus.com;chaines-tv.orange.fr;guidetnt.com;programme-tv.net;tv-programme.telecablesat.fr;tv.blue.ch;tv.sfr.fr;tvcesoir.fr,fuzzy_name_high,0.920,ok,,https://cms123456.com/assets/uploads/files/685c2-lequipe-050920.jpg
1279,French Sports,FR-SP:LEquipe Live 4,FR-SP:LEquipe Live 4,,FR,FR:LEquipe.fr,L'Equipe,FR,canalplus.com;chaines-tv.orange.fr;guidetnt.com;programme-tv.net;tv-programme.telecablesat.fr;tv.blue.ch;tv.sfr.fr;tvcesoir.fr,fuzzy_name_high,0.920,ok,,
1278,French Sports,FR-SP:LEquipe Live 5,FR-SP:LEquipe Live 5,,FR,FR:LEquipe.fr,L'Equipe,FR,canalplus.com;chaines-tv.orange.fr;guidetnt.com;programme-tv.net;tv-programme.telecablesat.fr;tv.blue.ch;tv.sfr.fr;tvcesoir.fr,fuzzy_name_high,0.920,ok,,
1277,French Sports,FR-SP:LEquipe Live 6,FR-SP:LEquipe Live 6,,FR,FR:LEquipe.fr,L'Equipe,FR,canalplus.com;chaines-tv.orange.fr;guidetnt.com;programme-tv.net;tv-programme.telecablesat.fr;tv.blue.ch;tv.sfr.fr;tvcesoir.fr,fuzzy_name_high,0.920,ok,,
1315,French Sports,FR-SP:Nautical Channel,FR-SP:Nautical Channel,Nautical.eu,FR,,,,,unmapped,0.522,unmapped,source EPG id present but no target-country guide channel: Nautical.eu,https://cms123456.com/assets/uploads/files/924f5-unnamed-2-.jpg
1265,French Sports,FR-SP:RMC-SPORT1_HD,FR-SP:RMC-SPORT1_HD,RMCSport1.fr,FR,FR:RMCSport1.fr,RMC Sport 1,FR,canalplus.com;programme-tv.net;tv-programme.telecablesat.fr;tv.sfr.fr;tvcesoir.fr,source_epg_id_exact,1.000,ok,,https://cms123456.com/assets/uploads/files/e05b5-rmc-sport-1.jpg
1266,French Sports,FR-SP:RMC-SPORT1_HD v2,FR-SP:RMC-SPORT1_HD v2,,FR,FR:RMCSport1.fr,RMC Sport 1,FR,canalplus.com;programme-tv.net;tv-programme.telecablesat.fr;tv.sfr.fr;tvcesoir.fr,fuzzy_name_high,0.920,ok,,https://cms123456.com/assets/uploads/files/04c3c-e05b5-rmc-sport-1.jpg
1267,French Sports,FR-SP:RMC-SPORT2_HD,FR-SP:RMC-SPORT2_HD,RMCSport2.fr,FR,FR:RMCSport2.fr,RMC Sport 2,FR,canalplus.com;mon-programme-tv.be;programme-tv.net;tv-programme.telecablesat.fr;tv.post.lu;tv.sfr.fr;tvcesoir.fr,source_epg_id_exact,1.000,ok,,https://cms123456.com/assets/uploads/files/e05b5-rmc-sport-1.jpg
1275,French Sports,FR-SP:Rmc Sport 10 Live,FR-SP:Rmc Sport 10 Live,,FR,FR:RMCSportLive10.fr,RMC Sport Live 10,FR,tv-programme.telecablesat.fr,fuzzy_name_high,1.000,ok,,https://cms123456.com/assets/uploads/files/04c3c-e05b5-rmc-sport-1.jpg
1276,French Sports,FR-SP:Rmc Sport 11 Live,FR-SP:Rmc Sport 11 Live,,FR,FR:RMCSportLive11.fr,RMC Sport Live 11,FR,tv-programme.telecablesat.fr,fuzzy_name_high,1.000,ok,,https://cms123456.com/assets/uploads/files/04c3c-e05b5-rmc-sport-1.jpg
1268,French Sports,FR-SP:Rmc Sport 3 Live,FR-SP:Rmc Sport 3 Live,,FR,FR:RMCSport3.fr,RMC Sport 3,FR,tv.sfr.fr,fuzzy_name_high,1.000,ok,,https://cms123456.com/assets/uploads/files/04c3c-e05b5-rmc-sport-1.jpg
1269,French Sports,FR-SP:Rmc Sport 4 Live,FR-SP:Rmc Sport 4 Live,,FR,FR:RMCSport4.fr,RMC Sport 4,FR,tv.sfr.fr,fuzzy_name_high,1.000,ok,,https://cms123456.com/assets/uploads/files/04c3c-e05b5-rmc-sport-1.jpg
1270,French Sports,FR-SP:Rmc Sport 5 Live,FR-SP:Rmc Sport 5 Live,,FR,FR:RMCSportLive5.fr,RMC Sport Live 5,FR,tv-programme.telecablesat.fr,fuzzy_name_high,1.000,ok,,https://cms123456.com/assets/uploads/files/04c3c-e05b5-rmc-sport-1.jpg
1272,French Sports,FR-SP:Rmc Sport 7 Live,FR-SP:Rmc Sport 7 Live,,FR,FR:RMCSportLive7.fr,RMC Sport Live 7,FR,tv-programme.telecablesat.fr,fuzzy_name_high,1.000,ok,,https://cms123456.com/assets/uploads/files/04c3c-e05b5-rmc-sport-1.jpg
1273,French Sports,FR-SP:Rmc Sport 8 Live,FR-SP:Rmc Sport 8 Live,,FR,FR:RMCSportLive8.fr,RMC Sport Live 8,FR,tv-programme.telecablesat.fr,fuzzy_name_high,1.000,ok,,https://cms123456.com/assets/uploads/files/04c3c-e05b5-rmc-sport-1.jpg
1274,French Sports,FR-SP:Rmc Sport 9 Live,FR-SP:Rmc Sport 9 Live,,FR,FR:RMCSportLive9.fr,RMC Sport Live 9,FR,tv-programme.telecablesat.fr,fuzzy_name_high,1.000,ok,,https://cms123456.com/assets/uploads/files/04c3c-e05b5-rmc-sport-1.jpg
1271,French Sports,FR-SP:Rmc Sport  6  Live,FR-SP:Rmc Sport  6  Live,,FR,FR:RMCSportLive6.fr,RMC Sport Live 6,FR,tv-programme.telecablesat.fr,fuzzy_name_high,1.000,ok,,https://cms123456.com/assets/uploads/files/04c3c-e05b5-rmc-sport-1.jpg
1314,French Sports,FR-SP:Sport En France,FR-SP:Sport En France,SportEnFrance.fr,FR,FR:SportenFrance.fr,Sport en France,FR,chaines-tv.orange.fr;tv.post.lu;tv.sfr.fr,source_epg_id_exact,1.000,ok,,https://cms123456.com/assets/uploads/files/17825-telechargement-1-.png
1313,French Sports,FR-SP:Winamax TV,FR-SP:Winamax TV,,FR,,,,,unmapped,0.571,unmapped,no reliable match in target-country guide channel set,https://cms123456.com/assets/uploads/files/9a0c1-winamax-tv.jpg
1282,French Sports,Fr- Amazon prime 1,Fr- Amazon prime 1,,FR,,,,,unmapped,0.500,unmapped,no reliable match in target-country guide channel set,
1283,French Sports,Fr-Amazon prime 2,Fr-Amazon prime 2,,FR,,,,,unmapped,0.500,unmapped,no reliable match in target-country guide channel set,
1284,French Sports,Fr-Amazon prime 3,Fr-Amazon prime 3,,FR,,,,,unmapped,0.500,unmapped,no reliable match in target-country guide channel set,
1285,French Sports,Fr-Amazon prime 4,Fr-Amazon prime 4,,FR,,,,,unmapped,0.500,unmapped,no reliable match in target-country guide channel set,
1286,French Sports,Fr-Amazon prime 5,Fr-Amazon prime 5,,FR,,,,,unmapped,0.500,unmapped,no reliable match in target-country guide channel set,
1395,French Sports,Skweek 1,Skweek 1,,FR,,,,,unmapped,0.444,unmapped,no reliable match in target-country guide channel set,
1394,French Sports,Skweek 2,Skweek 2,,FR,,,,,unmapped,0.444,unmapped,no reliable match in target-country guide channel set,
1393,French Sports,Skweek 3,Skweek 3,,FR,,,,,unmapped,0.444,unmapped,no reliable match in target-country guide channel set,
1392,French Sports,Skweek 4,Skweek 4,,FR,,,,,unmapped,0.444,unmapped,no reliable match in target-country guide channel set,
1391,French Sports,Skweek 5,Skweek 5,,FR,,,,,unmapped,0.444,unmapped,no reliable match in target-country guide channel set,
706,French-HD,BFM Alpes,BFM Alpes,,FR,,,,,unmapped,0.737,unmapped,no reliable match in target-country guide channel set,
704,French-HD,BFM Asace,BFM Asace,,FR,FR:BFMAlsace.fr,BFM Alsace,FR,tv.sfr.fr,fuzzy_name_high,0.947,ok,,
707,French-HD,BFM Haute Provence,BFM Haute Provence,,FR,FR:BFMDICIHauteProvence.fr,BFM DICI Haute-Provence,FR,tv.sfr.fr,fuzzy_name_review,0.878,review,,
710,French-HD,BFM Marseille,BFM Marseille,,FR,FR:BFMMarseille.fr,BFM Marseille,FR,chaines-tv.orange.fr;tv.sfr.fr,fuzzy_name_high,1.000,ok,,
709,French-HD,BFM Nice,BFM Nice,,FR,,,,,unmapped,0.667,unmapped,no reliable match in target-country guide channel set,
708,French-HD,BFM Normandie,BFM Normandie,,FR,FR:BFMNormandie.fr,BFM Normandie,FR,tv.sfr.fr,fuzzy_name_high,1.000,ok,,
705,French-HD,BFM Toulon,BFM Toulon,,FR,,,,,unmapped,0.778,unmapped,no reliable match in target-country guide channel set,
854,French-HD,Canal+ Kids,Canal+ Kids,Canal+Kids.fr,FR,FR:CanalPlusKids.fr,Canal+ Kids,FR,canalplus.com;chaines-tv.orange.fr;guidetnt.com;programme-tv.net;tv.blue.ch;tv.sfr.fr;tvcesoir.fr,fuzzy_name_high,1.000,ok,source EPG id present but no target-country guide channel: Canal+Kids.fr,https://cms123456.com/assets/uploads/files/307d4-chn43fn_40183_20210902.jpg
849,French-HD,FR- Canal+ Box office,FR- Canal+ Box office,,FR,FR:CanalPlusBoxOffice.fr,Canal+ Box Office,FR,chaines-tv.orange.fr;guidetnt.com;tv.sfr.fr,fuzzy_name_high,1.000,ok,,https://cms123456.com/assets/uploads/files/89f02-images-2-.png
848,French-HD,FR- Canal+ Grand Ecran,FR- Canal+ Grand Ecran,,FR,FR:CanalPlusGrandEcran.fr,Canal+ Grand Ecran,FR,canalplus.com;chaines-tv.orange.fr;guidetnt.com;programme-tv.net;tv.sfr.fr;tvcesoir.fr,fuzzy_name_high,1.000,ok,,https://cms123456.com/assets/uploads/files/c97ef-images-1-.png
855,French-HD,FR- Canal+Docs,FR- Canal+Docs,Canal+Docs.fr,FR,FR:CanalPlusDocs.fr,Canal+ Docs,FR,canalplus.com;chaines-tv.orange.fr;guidetnt.com;programme-tv.net;tv.blue.ch;tv.sfr.fr;tvcesoir.fr,fuzzy_name_high,1.000,ok,source EPG id present but no target-country guide channel: Canal+Docs.fr,https://cms123456.com/assets/uploads/files/f3841-canal_docs_pivot_fn.jpg
921,French-HD,FR-01TV,FR-01TV,,FR,,,,,unmapped,0.571,unmapped,no reliable match in target-country guide channel set,https://cms123456.com/assets/uploads/files/9385d-unnamed-13-.jpg
870,French-HD,FR-13eme_Rue,FR-13eme_Rue,13Rue.fr,FR,FR:13emeRue.fr,13eme Rue,FR,chaines-tv.orange.fr;guidetnt.com;mon-programme-tv.be;pickx.be;programme-tv.net;tv-programme.telecablesat.fr;tv.blue.ch;tv.sfr.fr;tvcesoir.fr,fuzzy_name_high,1.000,ok,source EPG id present but no target-country guide channel: 13Rue.fr,https://cms123456.com/assets/uploads/files/ca63d-telechargement.jpeg
832,French-HD,FR-6TER,FR-6TER,6ter.fr,FR,FR:6ter.fr,6ter,FR,canalplus.com;chaines-tv.orange.fr;guidetnt.com;programme-tv.net;tv-programme.telecablesat.fr;tv.post.lu;tv.sfr.fr;tvcesoir.fr,source_epg_id_exact,1.000,ok,,https://cms123456.com/assets/uploads/files/16c82-32589-6ter.png
922,French-HD,FR-A+,FR-A+,APlus.fr,FR,FR:APlus.fr,A+,FR,chaines-tv.orange.fr;programme-tv.net;tv.sfr.fr,source_epg_id_exact,1.000,ok,,https://cms123456.com/assets/uploads/files/1c812-telechargement-8-.png
867,French-HD,FR-AB1,FR-AB1,AB1.fr,FR,FR:AB1.fr,AB1,FR,canalplus.com;chaines-tv.orange.fr;guidetnt.com;programme-tv.net;tv-programme.telecablesat.fr;tv.blue.ch;tv.post.lu;tv.sfr.fr;tvcesoir.fr,source_epg_id_exact,1.000,ok,,https://cms123456.com/assets/uploads/files/2dc54-1200px-logo_ab1_2011.svg.png
958,French-HD,FR-AB3,FR-AB3,AB3.be,FR,,,,,unmapped,0.667,unmapped,source EPG id present but no target-country guide channel: AB3.be,https://cms123456.com/assets/uploads/files/313d6-1200px-ab3_logo.svg.png
811,French-HD,FR-ARTE,FR-ARTE,ARTE.fr,FR,FR:arte.fr,arte,FR,canalplus.com;chaines-tv.orange.fr;guidetnt.com;meo.pt;mon-programme-tv.be;nostv.pt;pickx.be;programme-tv.net;programtv.onet.pl;teliatv.ee;tv-programme.telecablesat.fr;tv.blue.ch;tv.nu;tv.post.lu;tv.sfr.fr;tv2go.t-2.net;tvcesoir.fr;tvgids.nl;tvheute.at;tvprofil.com;webtv.delta.nl,source_epg_id_exact,1.000,ok,,https://cms123456.com/assets/uploads/files/bff35-7b5af-arte.png
865,French-HD,FR-Action,FR-Action,Action.fr,FR,FR:Action.fr,Action,FR,canalplus.com;chaines-tv.orange.fr;guidetnt.com;mon-programme-tv.be;pickx.be;programme-tv.net;tv-programme.telecablesat.fr;tv.blue.ch;tv.post.lu;tv.sfr.fr;tvcesoir.fr,source_epg_id_exact,1.000,ok,,https://cms123456.com/assets/uploads/files/1c785-action_fr.png
887,French-HD,FR-Animaux,FR-Animaux,Animaux.fr,FR,FR:Animaux.fr,Animaux,FR,canalplus.com;chaines-tv.orange.fr;guidetnt.com;mon-programme-tv.be;pickx.be;programme-tv.net;tv-programme.telecablesat.fr;tv.blue.ch;tv.mail.ru;tv.post.lu;tv.sfr.fr;tvcesoir.fr,source_epg_id_exact,1.000,ok,,https://cms123456.com/assets/uploads/files/75dee-ce2be-animaux_fr_hd.png
818,French-HD,FR-BFM Business,FR-BFM Business,BFMBusiness.fr,FR,FR:BFMBusiness.fr,BFM Business,FR,canalplus.com;chaines-tv.orange.fr;meo.pt;programme-tv.net;tv-programme.telecablesat.fr;tv.blue.ch;tv.sfr.fr;tvcesoir.fr,source_epg_id_exact,1.000,ok,,https://cms123456.com/assets/uploads/files/75a1d-logo_business_2020.png
820,French-HD,FR-BFM Grands Reportages,FR-BFM Grands Reportages,,FR,,,,,unmapped,0.667,unmapped,no reliable match in target-country guide channel set,https://cms123456.com/assets/uploads/files/0cd8a-images-3-.jpeg
822,French-HD,FR-BFM LILLE,FR-BFM LILLE,BFMGrandLittoral.fr,FR,FR:BFMGrandLittoral.fr,BFM Grand Littoral,FR,tv.sfr.fr,source_epg_id_exact,1.000,ok,,https://cms123456.com/assets/uploads/files/1baf0-bfm-grand-lille.png
823,French-HD,FR-BFM LITTORAL,FR-BFM LITTORAL,BFMGrandLittoral.fr,FR,FR:BFMGrandLittoral.fr,BFM Grand Littoral,FR,tv.sfr.fr,source_epg_id_exact,1.000,ok,,https://cms123456.com/assets/uploads/files/8aa45-telechargement-3-.jpeg
821,French-HD,FR-BFM LYON,FR-BFM LYON,BFMLyon.fr,FR,FR:BFMLyon.fr,BFM Lyon,FR,chaines-tv.orange.fr;programme-tv.net;tv-programme.telecablesat.fr;tv.sfr.fr,source_epg_id_exact,1.000,ok,,https://cms123456.com/assets/uploads/files/cef96-unnamed-8-.jpg
819,French-HD,FR-BFM Paris,FR-BFM Paris,BFMParis.fr,FR,FR:BFMParisIledeFrance.fr,BFM Paris Ile-de-France,FR,tvcesoir.fr,fuzzy_name_high,0.920,ok,source EPG id present but no target-country guide channel: BFMParis.fr,s:1:/images/88bdda871f7a3fe274fd7d04e1ae5907.png
817,French-HD,FR-BFM-TV,FR-BFM-TV,BFMTV.fr,FR,FR:BFMTV.fr,BFM TV,FR,canalplus.com;chaines-tv.orange.fr;meo.pt;mon-programme-tv.be;tv-programme.telecablesat.fr;tv.blue.ch;tv.sfr.fr;tvcesoir.fr,source_epg_id_exact,1.000,ok,,https://cms123456.com/assets/uploads/files/614d0-logo_bfm_tv_-2019-.png
952,French-HD,FR-Baby TV,FR-Baby TV,BabyTV.fr,FR,,,,,unmapped,0.571,unmapped,source EPG id present but no target-country guide channel: BabyTV.fr,https://cms123456.com/assets/uploads/files/5de1b-baby-tv.png
950,French-HD,FR-Boing,FR-Boing,,FR,,,,,unmapped,0.667,unmapped,no reliable match in target-country guide channel set,https://cms123456.com/assets/uploads/files/756eb-boing_logo_-6.png
937,French-HD,FR-Boomerang,FR-Boomerang,Boomerang.fr,FR,FR:Boomerang.fr,Boomerang,FR,chaines-tv.orange.fr;mon-programme-tv.be;pickx.be;programme-tv.net;startimestv.com;tv-programme.telecablesat.fr;tv.blue.ch;tv.sfr.fr;tvcesoir.fr,source_epg_id_exact,1.000,ok,,https://cms123456.com/assets/uploads/files/f3408-boomerang_tv_logo.png
829,French-HD,FR-CNEWS,FR-CNEWS,CNews.fr,FR,FR:CNews.fr,CNews,FR,canalplus.com;chaines-tv.orange.fr;mon-programme-tv.be;programme-tv.net;tv-programme.telecablesat.fr;tv.blue.ch;tv.post.lu;tv.sfr.fr;tvcesoir.fr,source_epg_id_exact,1.000,ok,,https://cms123456.com/assets/uploads/files/e3cc6-cnews-logo-300x300_5dee447eed80f.png
830,French-HD,FR-CSTAR,FR-CSTAR,CStar.fr,FR,FR:CStar.fr,C Star,FR,canalplus.com;chaines-tv.orange.fr;guidetnt.com;mon-programme-tv.be;programme-tv.net;tv-programme.telecablesat.fr;tv.blue.ch;tv.post.lu;tv.sfr.fr;tvcesoir.fr,source_epg_id_exact,1.000,ok,,https://cms123456.com/assets/uploads/files/ab75c-69fd5-cstar.png
847,French-HD,FR-Canal+,FR-Canal+,,FR,FR:CanalPlus.fr,Canal+,FR,canalplus.com;chaines-tv.orange.fr;guidetnt.com;programme-tv.net;tv-programme.telecablesat.fr;tv.blue.ch;tvcesoir.fr,fuzzy_name_high,1.000,ok,,https://cms123456.com/assets/uploads/files/869df-0a039-canal-.png
853,French-HD,FR-Canal+Family,FR-Canal+Family,,FR,FR:CanalPlusFamily.fr,Canal+ Family,FR,tv-programme.telecablesat.fr,fuzzy_name_high,1.000,ok,,https://cms123456.com/assets/uploads/files/6d1f5-57d9f-canal-family.png
938,French-HD,FR-Canal-J,FR-Canal-J,CanalJ.fr,FR,FR:CanalJ.fr,Canal J,FR,canalplus.com;chaines-tv.orange.fr;mon-programme-tv.be;pickx.be;programme-tv.net;tv-programme.telecablesat.fr;tv.blue.ch;tv.post.lu;tv.sfr.fr;tvcesoir.fr,source_epg_id_exact,1.000,ok,,https://cms123456.com/assets/uploads/files/de251-logo_canal_j.png
876,French-HD,FR-Canalplay1,FR-Canalplay1,Play1.fr,FR,,,,,unmapped,0.636,unmapped,source EPG id present but no target-country guide channel: Play1.fr,https://cms123456.com/assets/uploads/files/836ab-images-5-.png
877,French-HD,FR-Canalplay2,FR-Canalplay2,Play2.fr,FR,,,,,unmapped,0.706,unmapped,source EPG id present but no target-country guide channel: Play2.fr,https://cms123456.com/assets/uploads/files/ef0fb-images-5-.png
878,French-HD,FR-Canalplay3,FR-Canalplay3,Play3.fr,FR,,,,,unmapped,0.706,unmapped,source EPG id present but no target-country guide channel: Play3.fr,https://cms123456.com/assets/uploads/files/23b93-images-5-.png
879,French-HD,FR-Canalplay4,FR-Canalplay4,Play4.fr,FR,,,,,unmapped,0.636,unmapped,source EPG id present but no target-country guide channel: Play4.fr,https://cms123456.com/assets/uploads/files/8caf1-images-5-.png
880,French-HD,FR-Canalplay5,FR-Canalplay5,Play5.fr,FR,,,,,unmapped,0.636,unmapped,source EPG id present but no target-country guide channel: Play5.fr,https://cms123456.com/assets/uploads/files/a190a-images-5-.png
881,French-HD,FR-Canalplay6,FR-Canalplay6,Play6.fr,FR,,,,,unmapped,0.636,unmapped,source EPG id present but no target-country guide channel: Play6.fr,https://cms123456.com/assets/uploads/files/f07d7-images-5-.png
882,French-HD,FR-Canalplay7,FR-Canalplay7,Play7.fr,FR,,,,,unmapped,0.636,unmapped,source EPG id present but no target-country guide channel: Play7.fr,https://cms123456.com/assets/uploads/files/5c6b4-images-5-.png
944,French-HD,FR-Cartoon_Network,FR-Cartoon_Network,CartoonNetwork.fr,FR,,,,,unmapped,0.538,unmapped,source EPG id present but no target-country guide channel: CartoonNetwork.fr,https://cms123456.com/assets/uploads/files/3b7f7-show-icon.e2c47072.png
886,French-HD,FR-Chasse-et-Peche,FR-Chasse-et-Peche,ChassePeche.fr,FR,FR:ChassePeche.fr,Chasse & Peche,FR,canalplus.com;chaines-tv.orange.fr;mon-programme-tv.be;programme-tv.net;tv-programme.telecablesat.fr;tv.blue.ch;tv.post.lu;tv.sfr.fr;tvcesoir.fr,source_epg_id_exact,1.000,ok,,https://cms123456.com/assets/uploads/files/a93c6-5cd8a-chasse-et-peche.png
845,French-HD,FR-Cherie_25,FR-Cherie_25,Cherie25.fr,FR,,,,,unmapped,0.526,unmapped,source EPG id present but no target-country guide channel: Cherie25.fr,https://cms123456.com/assets/uploads/files/08ddf-304f0-teles-cherie25.png
861,French-HD,FR-Cine+Classic,FR-Cine+Classic,CinecinemaClassic.fr,FR,FR:CinePlusClassic.fr,Cine+ Classic,FR,canalplus.com;chaines-tv.orange.fr;guidetnt.com;programme-tv.net;tv-programme.telecablesat.fr;tv.blue.ch;tv.sfr.fr;tvcesoir.fr,fuzzy_name_high,0.960,ok,source EPG id present but no target-country guide channel: CinecinemaClassic.fr,https://cms123456.com/assets/uploads/files/8a9db-ee406-cine-_classic.png
860,French-HD,FR-Cine+Club,FR-Cine+Club,CinecinemaClub.fr,FR,,,,,unmapped,0.667,unmapped,source EPG id present but no target-country guide channel: CinecinemaClub.fr,https://cms123456.com/assets/uploads/files/d16a4-cine-club.png
858,French-HD,FR-Cine+Emotion,FR-Cine+Emotion,CinecinemaEmotion.fr,FR,FR:CinePlusEmotion.fr,Cine+ Emotion,FR,canalplus.com;chaines-tv.orange.fr;guidetnt.com;programme-tv.net;tv-programme.telecablesat.fr;tv.blue.ch;tv.sfr.fr;tvcesoir.fr,fuzzy_name_high,0.960,ok,source EPG id present but no target-country guide channel: CinecinemaEmotion.fr,https://cms123456.com/assets/uploads/files/9b4ff-cine-emotion.png
856,French-HD,FR-Cine+Famiz,FR-Cine+Famiz,,FR,,,,,unmapped,0.818,unmapped,no reliable match in target-country guide channel set,https://cms123456.com/assets/uploads/files/27a49-22bd0-cine-famiz.png
863,French-HD,FR-Cine+Festival,FR-Cine+Festival,OCSPulp.fr,FR,FR:CinePlusFestival.fr,Cine+ Festival,FR,chaines-tv.orange.fr;guidetnt.com;tv.sfr.fr,fuzzy_name_high,0.963,ok,source EPG id present but no target-country guide channel: OCSPulp.fr,https://cms123456.com/assets/uploads/files/b0ba4-1024px-ocs_city.svg.png
857,French-HD,FR-Cine+Frisson,FR-Cine+Frisson,CinecinemaFrisson.fr,FR,FR:CinePlusFrisson.fr,Cine+ Frisson,FR,canalplus.com;chaines-tv.orange.fr;guidetnt.com;pickx.be;programme-tv.net;tv-programme.telecablesat.fr;tv.blue.ch;tv.sfr.fr;tvcesoir.fr,fuzzy_name_high,0.960,ok,source EPG id present but no target-country guide channel: CinecinemaFrisson.fr,https://cms123456.com/assets/uploads/files/24148-1d449-cine-_frisson.png
862,French-HD,FR-Cine+OCS,FR-Cine+OCS,OCSMax.fr,FR,FR:CinePlusOCS.fr,Cine+ OCS,FR,chaines-tv.orange.fr;guidetnt.com;pickx.be;tv.sfr.fr,fuzzy_name_high,0.941,ok,source EPG id present but no target-country guide channel: OCSMax.fr,https://cms123456.com/assets/uploads/files/1e7c9-94b19-ocs-max.png
859,French-HD,FR-Cine+Premier,FR-Cine+Premier,CinecinemaPremier.fr,FR,,,,,unmapped,0.645,unmapped,source EPG id present but no target-country guide channel: CinecinemaPremier.fr,https://cms123456.com/assets/uploads/files/c19d6-07d03-cine-premier.png
904,French-HD,FR-Comedie+,FR-Comedie+,Comedie.fr,FR,FR:ComediePlus.fr,Comedie+,FR,canalplus.com;chaines-tv.orange.fr;guidetnt.com;mon-programme-tv.be;programme-tv.net;tv-programme.telecablesat.fr;tv.blue.ch;tvcesoir.fr,fuzzy_name_high,1.000,ok,source EPG id present but no target-country guide channel: Comedie.fr,https://cms123456.com/assets/uploads/files/6c0f2-comedie-1432803505.jpg
898,French-HD,FR-Discovery,FR-Discovery,Discovery.fr,FR,FR:DiscoveryChannel.fr,Discovery Channel,FR,chaines-tv.orange.fr;guidetnt.com;pickx.be;programme-tv.net;telenet.tv;tv-programme.telecablesat.fr;tv.blue.ch;tv.post.lu;tv.sfr.fr;tvcesoir.fr,fuzzy_name_high,1.000,ok,source EPG id present but no target-country guide channel: Discovery.fr,https://cms123456.com/assets/uploads/files/19786-discoveryfrance_logosite_noir.png
897,French-HD,FR-Discovery_Science,FR-Discovery_Science,DiscoveryScience.fr,FR,FR:DiscoveryChannel.fr,Discovery Channel,FR,chaines-tv.orange.fr;guidetnt.com;pickx.be;programme-tv.net;telenet.tv;tv-programme.telecablesat.fr;tv.blue.ch;tv.post.lu;tv.sfr.fr;tvcesoir.fr,fuzzy_name_high,0.920,ok,source EPG id present but no target-country guide channel: DiscoveryScience.fr,https://cms123456.com/assets/uploads/files/3e27b-logo_science_marine_for_wp.png
943,French-HD,FR-Disney+,FR-Disney+,DisneyChannel.fr,FR,FR:DisneyChannel.fr,Disney Channel,FR,chaines-tv.orange.fr;guidetnt.com;mon-programme-tv.be;pickx.be;programme-tv.net;tv-programme.telecablesat.fr;tv.blue.ch;tv.sfr.fr;tvcesoir.fr,source_epg_id_exact,1.000,ok,,https://cms123456.com/assets/uploads/files/80f8d-telechargement-9-.png
945,French-HD,FR-Disney_Channel,FR-Disney_Channel,,FR,FR:DisneyChannel.fr,Disney Channel,FR,chaines-tv.orange.fr;guidetnt.com;mon-programme-tv.be;pickx.be;programme-tv.net;tv-programme.telecablesat.fr;tv.blue.ch;tv.sfr.fr;tvcesoir.fr,fuzzy_name_high,0.963,ok,,https://cms123456.com/assets/uploads/files/0f057-disney-channel.png
942,French-HD,FR-Disney_Junior,FR-Disney_Junior,DisneyJunior.fr,FR,FR:DisneyChannel.fr,Disney Channel,FR,chaines-tv.orange.fr;guidetnt.com;mon-programme-tv.be;pickx.be;programme-tv.net;tv-programme.telecablesat.fr;tv.blue.ch;tv.sfr.fr;tvcesoir.fr,fuzzy_name_high,0.920,ok,source EPG id present but no target-country guide channel: DisneyJunior.fr,https://cms123456.com/assets/uploads/files/7f9d8-unnamed-15-.jpg
925,French-HD,FR-Drive-in Movie Channel,FR-Drive-in Movie Channel,DriveInMovieChannel.fr,FR,,,,,unmapped,0.552,unmapped,source EPG id present but no target-country guide channel: DriveInMovieChannel.fr,https://cms123456.com/assets/uploads/files/09b4e-logo-drive-in-movie-channel-.png
874,French-HD,FR-E!,FR-E!,E!Entertainment.fr,FR,FR:E.fr,E!,FR,chaines-tv.orange.fr;guidetnt.com;mon-programme-tv.be;nostv.pt;pickx.be;programme-tv.net;tv-programme.telecablesat.fr;tv.post.lu;tv.sfr.fr;vodafone.pt,fuzzy_name_high,1.000,ok,source EPG id present but no target-country guide channel: E!Entertainment.fr,https://cms123456.com/assets/uploads/files/8e1e8-unnamed-4-.jpg
826,French-HD,FR-FRANCE 24,FR-FRANCE 24,France24.fr,FR,FR:France24.fr,France 24,FR,airtelxstream.in;cableplus.com.uy;canalplus.com;chaines-tv.orange.fr;content.astro.com.my;cubmu.com;dens.tv;dishtv.in;epg.iptvx.one;france.tv;freeview.co.uk;guidatv.sky.it;horizon.tv;i.mjh.nz;m.tv.sms.cz;magticom.ge;melita.com;meo.pt;mi.tv;mncvision.id;mon-programme-tv.be;mujtvprogram.cz;mytelly.co.uk;mytvsuper.com;nostv.pt;nowplayer.now.com;pickx.be;playtv.unifi.com.my;plex.tv;programacion-tv.elpais.com;programacion.tcc.com.uy;programetv.ro;programme-tv.net;programtv.onet.pl;sat.tv;singtel.com;sky.com;starhubtvplus.com;superguidatv.it;tataplay.com;teliatv.ee;tivu.tv;tv-programme.telecablesat.fr;tv.blue.ch;tv.dir.bg;tv.magenta.at;tv.mail.ru;tv.nu;tv.post.lu;tv.sfr.fr;tv24.se;tv2go.t-2.net;tvcesoir.fr;tvhebdo.com;tvireland.ie;tvpassport.com;tvplus.com.tr;tvprofil.com;tvtv.us;virgintvgo.virginmedia.com;visionplus.id;vodafone.pt;watch.whaletvplus.com;web.magentatv.de;webtv.delta.nl;zap.co.ao,source_epg_id_exact,1.000,ok,,https://cms123456.com/assets/uploads/files/ee2d2-telechargement-4-.png
806,French-HD,FR-FRANCE2,FR-FRANCE2,France2.fr,FR,FR:France2.fr,France 2,FR,canalplus.com;chaines-tv.orange.fr;france.tv;guidetnt.com;melita.com;meo.pt;mon-programme-tv.be;orangetv.orange.es;pickx.be;programetv.ro;programme-tv.net;programtv.onet.pl;telenet.tv;teliatv.ee;tv-programme.telecablesat.fr;tv.blue.ch;tv.nu;tv.post.lu;tv.sfr.fr;tv24.se;tv2go.t-2.net;tvcesoir.fr;webtv.delta.nl;zap.co.ao,source_epg_id_exact,1.000,ok,,https://cms123456.com/assets/uploads/files/e11a2-france_2_logo.png
807,French-HD,FR-FRANCE3,FR-FRANCE3,France3.fr,FR,FR:France3.fr,France 3,FR,canalplus.com;chaines-tv.orange.fr;france.tv;guidetnt.com;m.tv.sms.cz;meo.pt;mon-programme-tv.be;pickx.be;programetv.ro;programme-tv.net;telenet.tv;tv-programme.telecablesat.fr;tv.blue.ch;tv.post.lu;tv.sfr.fr;tvcesoir.fr;webtv.delta.nl;zap.co.ao,source_epg_id_exact,1.000,ok,,https://cms123456.com/assets/uploads/files/a855c-france3-2008.png
808,French-HD,FR-FRANCE4,FR-FRANCE4,France4.fr,FR,FR:France4.fr,France 4,FR,canalplus.com;chaines-tv.orange.fr;france.tv;guidetnt.com;meo.pt;mon-programme-tv.be;pickx.be;programme-tv.net;telenet.tv;tv-programme.telecablesat.fr;tv.blue.ch;tv.post.lu;tv.sfr.fr;tvcesoir.fr,source_epg_id_exact,1.000,ok,,https://cms123456.com/assets/uploads/files/bcb6a-france_4_logo.png
809,French-HD,FR-FRANCE5,FR-FRANCE5,France5.fr,FR,FR:France5.fr,France 5,FR,canalplus.com;chaines-tv.orange.fr;france.tv;guidetnt.com;meo.pt;mon-programme-tv.be;orangetv.orange.es;pickx.be;programetv.ro;programme-tv.net;telenet.tv;tv-programme.telecablesat.fr;tv.blue.ch;tv.post.lu;tv.sfr.fr;tvcesoir.fr;zap.co.ao,source_epg_id_exact,1.000,ok,,https://cms123456.com/assets/uploads/files/648a6-1200px-logo_france_5.svg.png
816,French-HD,FR-FRANCEINFO,FR-FRANCEINFO,Franceinfo.fr,FR,FR:Franceinfo.fr,Franceinfo,FR,canalplus.com;chaines-tv.orange.fr;meo.pt;tv-programme.telecablesat.fr;tv.blue.ch;tv.post.lu;tv.sfr.fr;tvcesoir.fr,source_epg_id_exact,1.000,ok,,https://cms123456.com/assets/uploads/files/02fc6-78978-france_info_tv.png
905,French-HD,FR-GAME-ONE,FR-GAME-ONE,GameOne.fr,FR,,,,,unmapped,0.500,unmapped,source EPG id present but no target-country guide channel: GameOne.fr,https://cms123456.com/assets/uploads/files/c53e6-unnamed-6-.jpg
923,French-HD,FR-Gong,FR-Gong,Gong.fr,FR,FR:Gong.fr,Gong,FR,tvcesoir.fr,source_epg_id_exact,1.000,ok,,https://cms123456.com/assets/uploads/files/812f3-unnamed-14-.jpg
924,French-HD,FR-Gong Max,FR-Gong Max,GongMax.fr,FR,FR:GongMax.fr,Gong Max,FR,tvcesoir.fr,source_epg_id_exact,1.000,ok,,https://cms123456.com/assets/uploads/files/eb250-gong_max_logo-1.png
936,French-HD,FR-Gulli,FR-Gulli,Gulli.fr,FR,FR:Gulli.fr,Gulli,FR,canalplus.com;chaines-tv.orange.fr;epg.iptvx.one;guidetnt.com;mon-programme-tv.be;orangetv.orange.es;pickx.be;programme-tv.net;tv-programme.telecablesat.fr;tv.blue.ch;tv.post.lu;tv.sfr.fr;tvcesoir.fr,source_epg_id_exact,1.000,ok,,https://cms123456.com/assets/uploads/files/3930c-gulli_fr.png
875,French-HD,FR-HISTOIRE,FR-HISTOIRE,Histoire.fr,FR,FR:HistoireTV.fr,Histoire TV,FR,canalplus.com;chaines-tv.orange.fr;guidetnt.com;mon-programme-tv.be;pickx.be;programme-tv.net;tv-programme.telecablesat.fr;tv.blue.ch;tv.post.lu;tv.sfr.fr;tvcesoir.fr;zap.co.ao,fuzzy_name_high,1.000,ok,source EPG id present but no target-country guide channel: Histoire.fr,https://cms123456.com/assets/uploads/files/ec521-kisspng-history-television-channel-logo-starz-encore-5b3308eda538b2.7441033615300712776768.jpg
828,French-HD,FR-LA CHAINE METEO,FR-LA CHAINE METEO,LaChaineMeteo.fr,FR,FR:LaChaineMeteo.fr,La Chaine Meteo,FR,canalplus.com;programme-tv.net;tv.blue.ch;tv.sfr.fr;tvcesoir.fr,source_epg_id_exact,1.000,ok,,https://cms123456.com/assets/uploads/files/0e4e1-la_chaine_meteo.png
846,French-HD,FR-LCI,FR-LCI,LCI.fr,FR,FR:LCI.fr,LCI,FR,canalplus.com;chaines-tv.orange.fr;mon-programme-tv.be;pickx.be;programme-tv.net;telenet.tv;tv-programme.telecablesat.fr;tv.blue.ch;tv.post.lu;tv.sfr.fr;tvcesoir.fr;zap.co.ao,source_epg_id_exact,1.000,ok,,https://cms123456.com/assets/uploads/files/56f3b-c632d-lci.png
815,French-HD,FR-LCP,FR-LCP,,FR,FR:LCP.fr,LCP,FR,canalplus.com;chaines-tv.orange.fr;guidetnt.com;programme-tv.net;tv-programme.telecablesat.fr;tv.blue.ch;tv.sfr.fr;tvcesoir.fr,fuzzy_name_high,1.000,ok,,https://cms123456.com/assets/uploads/files/3ec9a-b05ce-lcp.png
911,French-HD,FR-Lucky Jack,FR-Lucky Jack,LuckyJack.fr,FR,,,,,unmapped,0.400,unmapped,source EPG id present but no target-country guide channel: LuckyJack.fr,https://cms123456.com/assets/uploads/files/1dce6-lucky_jack.tv_logo.png
916,French-HD,FR-Luxe TV,FR-Luxe TV,FRBA3300060U8,FR,,,,,unmapped,0.545,unmapped,source EPG id present but no target-country guide channel: FRBA3300060U8,https://cms123456.com/assets/uploads/files/07e89-d6374b0df5c56b87ba570f045e356ca2f4be27029b67827be0118896415aec83.png
810,French-HD,FR-M6,FR-M6,M6.fr,FR,FR:M6.fr,M6,FR,canalplus.com;chaines-tv.orange.fr;guidetnt.com;mon-programme-tv.be;nostv.pt;programme-tv.net;programtv.onet.pl;tv-programme.telecablesat.fr;tv.post.lu;tv.sfr.fr;tvcesoir.fr;vodafone.pt,source_epg_id_exact,1.000,ok,,https://cms123456.com/assets/uploads/files/0d28d-057e4-m6.png
929,French-HD,FR-M6_MUSIC,FR-M6_MUSIC,M6Music.fr,FR,FR:M6Music.fr,M6 Music,FR,canalplus.com;chaines-tv.orange.fr;mon-programme-tv.be;programme-tv.net;tv.post.lu;tv.sfr.fr;tvcesoir.fr,source_epg_id_exact,1.000,ok,,https://cms123456.com/assets/uploads/files/163d8-2960858357_1_3_2ykd7phm.jpg
906,French-HD,FR-MCM,FR-MCM,MCM.fr,FR,FR:MCM.fr,MCM,FR,canalplus.com;chaines-tv.orange.fr;guidetnt.com;programme-tv.net;tv-programme.telecablesat.fr;tv.blue.ch;tv.post.lu;tv.sfr.fr;tvcesoir.fr,source_epg_id_exact,1.000,ok,,https://cms123456.com/assets/uploads/files/b2c8e-1200px-mcm_logo_2017.svg.png
935,French-HD,FR-MELODY,FR-MELODY,Melody.fr,FR,FR:Melody.fr,Melody,FR,canalplus.com;chaines-tv.orange.fr;mon-programme-tv.be;pickx.be;programme-tv.net;tv-programme.telecablesat.fr;tv.blue.ch;tv.post.lu;tv.sfr.fr;tvcesoir.fr,source_epg_id_exact,1.000,ok,,https://cms123456.com/assets/uploads/files/3fed1-melody.png
920,French-HD,FR-MENS UP TV,FR-MENS UP TV,,FR,FR:MensUPTV.fr,Men's UP TV,FR,chaines-tv.orange.fr;tv-programme.telecablesat.fr;tv.sfr.fr;tvcesoir.fr,fuzzy_name_high,0.933,ok,,https://cms123456.com/assets/uploads/files/9aee0-unnamed-11-.jpg
926,French-HD,FR-MTV,FR-MTV,MTVLive.eu,FR,FR:MTV.fr,MTV,FR,canalplus.com;chaines-tv.orange.fr;guidetnt.com;mon-programme-tv.be;pickx.be;programme-tv.net;tv-programme.telecablesat.fr;tv.blue.ch;tv.sfr.fr;tvcesoir.fr,fuzzy_name_high,1.000,ok,source EPG id present but no target-country guide channel: MTVLive.eu,https://cms123456.com/assets/uploads/files/7230c-channels4_profile.jpg
928,French-HD,FR-MTV HITS,FR-MTV HITS,MTVHits.fr,FR,,,,,unmapped,0.625,unmapped,source EPG id present but no target-country guide channel: MTVHits.fr,https://cms123456.com/assets/uploads/files/bede2-mtv_hits.png
927,French-HD,FR-MTVFRANCE,FR-MTVFRANCE,MTVLive.eu,FR,,,,,unmapped,0.750,unmapped,source EPG id present but no target-country guide channel: MTVLive.eu,https://cms123456.com/assets/uploads/files/37f77-channels4_profile.jpg
903,French-HD,FR-Mangas,FR-Mangas,Mangas.fr,FR,FR:Mangas.fr,Mangas,FR,canalplus.com;chaines-tv.orange.fr;mon-programme-tv.be;pickx.be;programme-tv.net;tv-programme.telecablesat.fr;tv.blue.ch;tv.post.lu;tv.sfr.fr;tvcesoir.fr,source_epg_id_exact,1.000,ok,,https://cms123456.com/assets/uploads/files/85d84-mangas.png
914,French-HD,FR-MuSEUM,FR-MuSEUM,Museum.fr,FR,FR:MuseumTVFrench.fr,Museum TV French,FR,chaines-tv.orange.fr;pickx.be;tv.sfr.fr,fuzzy_name_high,0.920,ok,source EPG id present but no target-country guide channel: Museum.fr,https://cms123456.com/assets/uploads/files/01a56-telechargement-7-.png
947,French-HD,FR-NICKELODEON,FR-NICKELODEON,Nickelodeon.fr,FR,FR:Nickelodeon.fr,Nickelodeon,FR,canalplus.com;chaines-tv.orange.fr;mon-programme-tv.be;pickx.be;programme-tv.net;telenet.tv;tv-programme.telecablesat.fr;tv.blue.ch;tv.sfr.fr;tvcesoir.fr,source_epg_id_exact,1.000,ok,,https://cms123456.com/assets/uploads/files/c9d7e-unnamed-16-.jpg
949,French-HD,FR-NICKELODEON TEEN,FR-NICKELODEON TEEN,Nick4teens.fr,FR,FR:NickelodeonTeen.fr,Nickelodeon Teen,FR,canalplus.com;chaines-tv.orange.fr;i.mjh.nz;pluto.tv;programme-tv.net;tv.blue.ch;tv.sfr.fr;tvcesoir.fr,fuzzy_name_high,1.000,ok,source EPG id present but no target-country guide channel: Nick4teens.fr,https://cms123456.com/assets/uploads/files/2c8d1-nickelodeon-teen.png
933,French-HD,FR-NRJ_Hits,FR-NRJ_Hits,NRJHits.fr,FR,FR:NRJHits.fr,NRJ Hits,FR,canalplus.com;chaines-tv.orange.fr;programme-tv.net;tv.sfr.fr;tvcesoir.fr,source_epg_id_exact,1.000,ok,,https://cms123456.com/assets/uploads/files/e1ea6-1200px-nrj_hits_2017.svg.png
895,French-HD,FR-NatGeo Wild,FR-NatGeo Wild,NatGeoWildHD.fr,FR,,,,,unmapped,0.629,unmapped,source EPG id present but no target-country guide channel: NatGeoWildHD.fr,https://cms123456.com/assets/uploads/files/b8415-nat_geo_wild.png
896,French-HD,FR-National Geographic,FR-National Geographic,NationalGeographic.fr,FR,FR:NationalGeographic.fr,National Geographic,FR,chaines-tv.orange.fr;guidetnt.com;mon-programme-tv.be;pickx.be;programme-tv.net;tv-programme.telecablesat.fr;tv.blue.ch;tvcesoir.fr,source_epg_id_exact,1.000,ok,,https://cms123456.com/assets/uploads/files/1593f-2560px-national_geographic_channel.svg.png
910,French-HD,FR-PARAMOUNT CHANNEL,FR-PARAMOUNT CHANNEL,Paramount.pl,FR,FR:ParamountChannelOffset.fr,Paramount Channel Offset,FR,chaines-tv.orange.fr;tv.sfr.fr,fuzzy_name_high,0.920,ok,source EPG id present but no target-country guide channel: Paramount.pl,https://cms123456.com/assets/uploads/files/68f93-kisspng-paramount-pictures-paramount-channel-television-ch-mountain-logo-5b11a1db31ebe7.6027270915278822032045.jpg
909,French-HD,FR-PARAMOUNT DECALE,FR-PARAMOUNT DECALE,ParamountChannelDecale.fr,FR,,,,,unmapped,0.688,unmapped,source EPG id present but no target-country guide channel: ParamountChannelDecale.fr,https://cms123456.com/assets/uploads/files/64c4d-telechargement-5-.png
951,French-HD,FR-PITCHOUN TV,FR-PITCHOUN TV,Pitchoun.fr,FR,FR:TVPitchoun.fr,TV Pitchoun,FR,chaines-tv.orange.fr,fuzzy_name_high,1.000,ok,source EPG id present but no target-country guide channel: Pitchoun.fr,https://cms123456.com/assets/uploads/files/3ac4b-images-1-.jpeg
892,French-HD,FR-PLANETE+,FR-PLANETE+,PLANETE.fr,FR,FR:PlanetePlus.fr,Planete+,FR,canalplus.com;chaines-tv.orange.fr;guidetnt.com;mon-programme-tv.be;programme-tv.net;tv-programme.telecablesat.fr;tv.blue.ch;tvcesoir.fr;tvhebdo.com,fuzzy_name_high,1.000,ok,source EPG id present but no target-country guide channel: PLANETE.fr,https://cms123456.com/assets/uploads/files/e27e5-ad583-planete_plus_hd.png
893,French-HD,FR-PLANETE+_CI,FR-PLANETE+_CI,Planete+CrimeInvestigation.fr,FR,FR:PlanetePlus.fr,Planete+,FR,canalplus.com;chaines-tv.orange.fr;guidetnt.com;mon-programme-tv.be;programme-tv.net;tv-programme.telecablesat.fr;tv.blue.ch;tvcesoir.fr;tvhebdo.com,fuzzy_name_high,0.920,ok,source EPG id present but no target-country guide channel: Planete+CrimeInvestigation.fr,https://cms123456.com/assets/uploads/files/c8bf2-e2d85-planete-c.i.-hd.png
869,French-HD,FR-Paris Premiere,FR-Paris Premiere,ParisPremiere.fr,FR,FR:ParisPremiere.fr,Paris Premiere,FR,canalplus.com;chaines-tv.orange.fr;programme-tv.net;tv-programme.telecablesat.fr;tv.sfr.fr;tvcesoir.fr,source_epg_id_exact,1.000,ok,,https://cms123456.com/assets/uploads/files/625e8-images-2-.png
940,French-HD,FR-Piwi,FR-Piwi,PIWI.fr,FR,FR:PiwiPlus.fr,Piwi+,FR,canalplus.com;chaines-tv.orange.fr;mon-programme-tv.be;programme-tv.net;tv-programme.telecablesat.fr;tv.blue.ch;tvcesoir.fr,fuzzy_name_high,0.920,ok,source EPG id present but no target-country guide channel: PIWI.fr,https://cms123456.com/assets/uploads/files/e6b81-piwi_logo_old.png
894,French-HD,FR-Planete+ AE,FR-Planete+ AE,Planete+AventureExperience.fr,FR,FR:PlanetePlus.fr,Planete+,FR,canalplus.com;chaines-tv.orange.fr;guidetnt.com;mon-programme-tv.be;programme-tv.net;tv-programme.telecablesat.fr;tv.blue.ch;tvcesoir.fr;tvhebdo.com,fuzzy_name_high,0.920,ok,source EPG id present but no target-country guide channel: Planete+AventureExperience.fr,https://cms123456.com/assets/uploads/files/910d3-planeteae-frequence-astra.jpg
864,French-HD,FR-Polar+,FR-Polar+,PolarPlus.fr,FR,FR:PolarPlus.fr,Polar+,FR,canalplus.com;chaines-tv.orange.fr;guidetnt.com;programme-tv.net;tv-programme.telecablesat.fr;tv.blue.ch;tvcesoir.fr,source_epg_id_exact,1.000,ok,,https://cms123456.com/assets/uploads/files/a6309-telechargement-1-.jpeg
833,French-HD,FR-RMC-STORY,FR-RMC-STORY,RMCStory.fr,FR,FR:RMCStory.fr,RMC Story,FR,canalplus.com;chaines-tv.orange.fr;guidetnt.com;programme-tv.net;tv-programme.telecablesat.fr;tv.blue.ch;tv.sfr.fr;tvcesoir.fr,source_epg_id_exact,1.000,ok,,https://cms123456.com/assets/uploads/files/584dc-85789-teles-rmcstory.png
834,French-HD,FR-RMC_Decouverte,FR-RMC_Decouverte,RMCdecouverte.fr,FR,FR:RMCDecouverte.fr,RMC Decouverte,FR,canalplus.com;chaines-tv.orange.fr;guidetnt.com;programme-tv.net;tv-programme.telecablesat.fr;tv.blue.ch;tv.sfr.fr;tvcesoir.fr,source_epg_id_exact,1.000,ok,,https://cms123456.com/assets/uploads/files/95704-8f83d-rmc-decouverte.png
866,French-HD,FR-RTL9,FR-RTL9,RTL9.fr,FR,,,,,unmapped,0.571,unmapped,source EPG id present but no target-country guide channel: RTL9.fr,https://cms123456.com/assets/uploads/files/2484e-telechargement-2-.jpeg
954,French-HD,FR-RTS-1,FR-RTS-1,RTSUn.ch,FR,FR:MultiSports1.fr,MultiSports 1,FR,canalplus.com,fuzzy_name_high,0.920,ok,source EPG id present but no target-country guide channel: RTSUn.ch,https://cms123456.com/assets/uploads/files/86443-sn-rts-1-8408.jpg
955,French-HD,FR-RTS-2,FR-RTS-2,RTSDeux.ch,FR,FR:MultiSports2.fr,MultiSports 2,FR,canalplus.com,fuzzy_name_high,0.920,ok,source EPG id present but no target-country guide channel: RTSDeux.ch,https://cms123456.com/assets/uploads/files/4903a-images-2-.jpeg
891,French-HD,FR-SEASONS,FR-SEASONS,Seasons.fr,FR,FR:Seasons.fr,Seasons,FR,canalplus.com;programme-tv.net;tv-programme.telecablesat.fr;tv.blue.ch;tv.sfr.fr;tvcesoir.fr,source_epg_id_exact,1.000,ok,,https://cms123456.com/assets/uploads/files/a59ed-68aef-canalplus_fr_seasons.png
956,French-HD,FR-SRF-1,FR-SRF-1,,FR,,,,,unmapped,0.500,unmapped,no reliable match in target-country guide channel set,https://cms123456.com/assets/uploads/files/3b8b6-srf_1.png
957,French-HD,FR-SRF-ZWEI,FR-SRF-ZWEI,SRF2.ch,FR,,,,,unmapped,0.429,unmapped,source EPG id present but no target-country guide channel: SRF2.ch,https://cms123456.com/assets/uploads/files/2ca60-srf_2_ch.png
915,French-HD,FR-SUNDANCE,FR-SUNDANCE,SundanceTV.es,FR,,,,,unmapped,0.600,unmapped,source EPG id present but no target-country guide channel: SundanceTV.es,https://cms123456.com/assets/uploads/files/d9c07-sundance-channel.jpg
888,French-HD,FR-Science_Vie,FR-Science_Vie,ScienceVie.fr,FR,FR:ScienceVieTV.fr,Science & Vie TV,FR,chaines-tv.orange.fr;guidetnt.com;mon-programme-tv.be;pickx.be;programme-tv.net;tv-programme.telecablesat.fr;tv.blue.ch;tv.sfr.fr;tvcesoir.fr,fuzzy_name_high,0.920,ok,source EPG id present but no target-country guide channel: ScienceVie.fr,https://cms123456.com/assets/uploads/files/6086a-ab936-science_et_vie_tv_fr.png
872,French-HD,FR-Serie_Club,FR-Serie_Club,SerieClub.fr,FR,FR:SerieClub.fr,Serie Club,FR,canalplus.com;chaines-tv.orange.fr;programme-tv.net;tv-programme.telecablesat.fr;tv.sfr.fr;tvcesoir.fr,source_epg_id_exact,1.000,ok,,https://cms123456.com/assets/uploads/files/ae103-bfmqqmwt_400x400.jpg
873,French-HD,FR-Syfy,FR-Syfy,Syfy.fr,FR,FR:Syfy.fr,Syfy,FR,chaines-tv.orange.fr;guidetnt.com;mon-programme-tv.be;pickx.be;programme-tv.net;tv-programme.telecablesat.fr;tv.blue.ch;tv.sfr.fr;tvcesoir.fr,source_epg_id_exact,1.000,ok,,https://cms123456.com/assets/uploads/files/26b97-unnamed-3-.jpg
852,French-HD,FR-T18,FR-T18,CanalplusSeries.fr,FR,FR:CanalPlusSeries.fr,Canal+ Series,FR,canalplus.com;guidetnt.com;tv-programme.telecablesat.fr;tv.blue.ch;tvcesoir.fr,source_epg_id_exact,1.000,ok,,https://cms123456.com/assets/uploads/files/658ff-8fa39-canal-_series.png
908,French-HD,FR-TCM,FR-TCM,TCM.fr,FR,,,,,unmapped,0.667,unmapped,source EPG id present but no target-country guide channel: TCM.fr,https://cms123456.com/assets/uploads/files/2f709-turnerclassicmoviesasia.jpg
868,French-HD,FR-TEVA,FR-TEVA,Teva.fr,FR,FR:Teva.fr,Teva,FR,canalplus.com;chaines-tv.orange.fr;programme-tv.net;tv-programme.telecablesat.fr;tv.sfr.fr;tvcesoir.fr,source_epg_id_exact,1.000,ok,,https://cms123456.com/assets/uploads/files/540cf-teva.png
803,French-HD,FR-TF1,FR-TF1,,FR,FR:TF1.fr,TF1,FR,canalplus.com;chaines-tv.orange.fr;guidetnt.com;m.tv.sms.cz;mon-programme-tv.be;pickx.be;programme-tv.net;tv-programme.telecablesat.fr;tv.post.lu;tv.sfr.fr;tvcesoir.fr,fuzzy_name_high,1.000,ok,,https://cms123456.com/assets/uploads/files/e66df-tf1-vign.jpg
804,French-HD,FR-TF1 V2,FR-TF1 V2,TF1.fr,FR,FR:TF1.fr,TF1,FR,canalplus.com;chaines-tv.orange.fr;guidetnt.com;m.tv.sms.cz;mon-programme-tv.be;pickx.be;programme-tv.net;tv-programme.telecablesat.fr;tv.post.lu;tv.sfr.fr;tvcesoir.fr,source_epg_id_exact,1.000,ok,,https://cms123456.com/assets/uploads/files/22cc0-e66df-tf1-vign.jpg
831,French-HD,FR-TF1-Séries-Films,FR-TF1-Séries-Films,TF1SeriesFilms.fr,FR,FR:TF1SeriesFilms.fr,TF1 Series Films,FR,canalplus.com;chaines-tv.orange.fr;guidetnt.com;mon-programme-tv.be;pickx.be;programme-tv.net;tv-programme.telecablesat.fr;tv.blue.ch;tv.sfr.fr;tvcesoir.fr,source_epg_id_exact,1.000,ok,,https://cms123456.com/assets/uploads/files/57843-vignette-square-tf1sf-e479ac-797df5-0-1x.jpg
814,French-HD,FR-TFX,FR-TFX,TFX.fr,FR,FR:TFX.fr,TFX,FR,canalplus.com;chaines-tv.orange.fr;guidetnt.com;programme-tv.net;telenet.tv;tv-programme.telecablesat.fr;tv.sfr.fr;tvcesoir.fr,source_epg_id_exact,1.000,ok,,https://cms123456.com/assets/uploads/files/628cf-722c9-tele-tfx.png
813,French-HD,FR-TMC,FR-TMC,TMC.fr,FR,FR:TMC.fr,TMC,FR,canalplus.com;chaines-tv.orange.fr;guidetnt.com;m.tv.sms.cz;mon-programme-tv.be;pickx.be;programme-tv.net;tv-programme.telecablesat.fr;tv.blue.ch;tv.post.lu;tv.sfr.fr;tvcesoir.fr,source_epg_id_exact,1.000,ok,,https://cms123456.com/assets/uploads/files/85102-a4b0b-tmc.png
946,French-HD,FR-TOONAMI,FR-TOONAMI,,FR,,,,,unmapped,0.526,unmapped,no reliable match in target-country guide channel set,https://cms123456.com/assets/uploads/files/d0313-41600115-34916015.jpg
825,French-HD,FR-TV5_Monde,FR-TV5_Monde,TV5.ca,FR,FR:TV5Monde.fr,TV5 Monde,FR,tvcesoir.fr,fuzzy_name_high,1.000,ok,source EPG id present but no target-country guide channel: TV5.ca,https://cms123456.com/assets/uploads/files/0f839-unnamed-7-.jpg
871,French-HD,FR-TV_Breizh,FR-TV_Breizh,TVBreizh.fr,FR,FR:TVBreizh.fr,TV Breizh,FR,canalplus.com;chaines-tv.orange.fr;mon-programme-tv.be;pickx.be;programme-tv.net;telenet.tv;tv-programme.telecablesat.fr;tv.blue.ch;tv.post.lu;tv.sfr.fr;tvcesoir.fr,source_epg_id_exact,1.000,ok,,https://cms123456.com/assets/uploads/files/55c15-strats-image-4026067.jpeg
941,French-HD,FR-TeleToon+,FR-TeleToon+,TeleTOON.fr,FR,FR:TeletoonPlus.fr,Teletoon+,FR,canalplus.com;chaines-tv.orange.fr;mon-programme-tv.be;programme-tv.net;tv-programme.telecablesat.fr;tv.blue.ch;tvcesoir.fr,fuzzy_name_high,1.000,ok,source EPG id present but no target-country guide channel: TeleTOON.fr,https://cms123456.com/assets/uploads/files/9e3f8-teletoon-_logo.png
939,French-HD,FR-Tiji,FR-Tiji,Tiji.fr,FR,FR:TiJi.fr,TiJi,FR,canalplus.com;chaines-tv.orange.fr;mon-programme-tv.be;pickx.be;programme-tv.net;tv-programme.telecablesat.fr;tv.blue.ch;tv.post.lu;tv.sfr.fr;tvcesoir.fr;zap.co.ao,source_epg_id_exact,1.000,ok,,https://cms123456.com/assets/uploads/files/248e4-logo_tiji_-2019-.png
918,French-HD,FR-Top Sante TV,FR-Top Sante TV,FRBD26000031Q,FR,FR:TopSanteTV.fr,Top Sante TV,FR,chaines-tv.orange.fr;tv.sfr.fr,fuzzy_name_high,1.000,ok,source EPG id present but no target-country guide channel: FRBD26000031Q,https://cms123456.com/assets/uploads/files/e3ec3-top-sante-tv.png
889,French-HD,FR-Toute_l histoire,FR-Toute_l histoire,TouteHistoire.fr,FR,FR:ToutelHistoire.fr,Toute l'Histoire,FR,canalplus.com;chaines-tv.orange.fr;guidetnt.com;mon-programme-tv.be;programme-tv.net;tv-programme.telecablesat.fr;tv.blue.ch;tv.post.lu;tv.sfr.fr;tvcesoir.fr,fuzzy_name_high,1.000,ok,source EPG id present but no target-country guide channel: TouteHistoire.fr,https://cms123456.com/assets/uploads/files/65d6c-89a00-fit-toute-l-histoire.png
890,French-HD,FR-Ushuaïa_TV,FR-Ushuaïa_TV,UshuaiaTV.fr,FR,FR:UshuaiaTV.fr,Ushuaia TV,FR,canalplus.com;chaines-tv.orange.fr;guidetnt.com;mon-programme-tv.be;pickx.be;programme-tv.net;tv-programme.telecablesat.fr;tv.blue.ch;tv.sfr.fr;tvcesoir.fr;zap.co.ao,source_epg_id_exact,1.000,ok,,https://cms123456.com/assets/uploads/files/eec82-a2d87-ushuaia-tv.png
913,French-HD,FR-VICELAND HD,FR-VICELAND HD,,FR,,,,,unmapped,0.571,unmapped,no reliable match in target-country guide channel set,https://cms123456.com/assets/uploads/files/41154-c4da887978450a65f3c669a2090f0aa1.png
812,French-HD,FR-W9,FR-W9,W9.fr,FR,FR:W9.fr,W9,FR,canalplus.com;chaines-tv.orange.fr;guidetnt.com;programme-tv.net;tv-programme.telecablesat.fr;tv.post.lu;tv.sfr.fr;tvcesoir.fr,source_epg_id_exact,1.000,ok,,https://cms123456.com/assets/uploads/files/8c0fb-87405-w9.png
917,French-HD,FR-WARNER TV,FR-WARNER TV,Warnertv.fr,FR,FR:WarnerTV.fr,Warner TV,FR,chaines-tv.orange.fr;guidetnt.com;mon-programme-tv.be;programme-tv.net;startimestv.com;tv-programme.telecablesat.fr;tv.blue.ch;tv.sfr.fr,source_epg_id_exact,1.000,ok,,https://cms123456.com/assets/uploads/files/5d7d2-warner2018la.png
827,French-HD,FR-i24 News,FR-i24 News,i24News.fr,FR,,,,,unmapped,0.615,unmapped,source EPG id present but no target-country guide channel: i24News.fr,https://cms123456.com/assets/uploads/files/7aa91-1352b9caa849f9325c12157cf9dfc47bc0e3c73e.png
902,French-HD,FR-j-one,FR-j-one,JOne.fr,FR,,,,,unmapped,0.571,unmapped,source EPG id present but no target-country guide channel: JOne.fr,https://cms123456.com/assets/uploads/files/5839c-unnamed-5-.jpg
907,French-HD,FR-trek,FR-trek,Trek.fr,FR,FR:Trek.fr,Trek,FR,guidetnt.com;pickx.be;programme-tv.net;tv-programme.telecablesat.fr;tv.blue.ch;tv.post.lu;tv.sfr.fr;tvcesoir.fr,source_epg_id_exact,1.000,ok,,https://cms123456.com/assets/uploads/files/ed6bf-images-3-.png
919,French-HD,FR:IS+,FR:IS+,,FR,,,,,unmapped,0.500,unmapped,no reliable match in target-country guide channel set,https://cms123456.com/assets/uploads/files/1c384-is-.png
948,French-HD,FR:Ludikids,FR:Ludikids,LUDIKIDS.af,FR,,,,,unmapped,0.556,unmapped,source EPG id present but no target-country guide channel: LUDIKIDS.af,https://cms123456.com/assets/uploads/files/a5328-ludi.jpeg
953,French-HD,Fr- Rouge TV,Fr- Rouge TV,RougeTV.ch,FR,,,,,unmapped,0.571,unmapped,source EPG id present but no target-country guide channel: RougeTV.ch,https://cms123456.com/assets/uploads/files/805c4-rouge.png
934,French-HD,Fr-Clubbing_TV,Fr-Clubbing_TV,,FR,,,,,unmapped,0.480,unmapped,no reliable match in target-country guide channel set,https://cms123456.com/assets/uploads/files/5fb95-clubbing_tv.png
899,French-HD,Fr-Discovery-Investigation,Fr-Discovery-Investigation,DiscoveryInvestigation.fr,FR,FR:DiscoveryChannel.fr,Discovery Channel,FR,chaines-tv.orange.fr;guidetnt.com;pickx.be;programme-tv.net;telenet.tv;tv-programme.telecablesat.fr;tv.blue.ch;tv.post.lu;tv.sfr.fr;tvcesoir.fr,fuzzy_name_high,0.920,ok,source EPG id present but no target-country guide channel: DiscoveryInvestigation.fr,https://cms123456.com/assets/uploads/files/ea1f3-discovery-investigation.png
912,French-HD,Fr-Mezzo-Live,Fr-Mezzo-Live,Mezzo.fr,FR,FR:Mezzo.fr,Mezzo,FR,canalplus.com;chaines-tv.orange.fr;digiturk.com.tr;epg.iptvx.one;horizon.tv;m.tv.sms.cz;magticom.ge;melita.com;meo.pt;mon-programme-tv.be;mujtvprogram.cz;musor.tv;neo.io;nostv.pt;orangetv.orange.es;programacion-tv.elpais.com;programetv.ro;programme-tv.net;programtv.onet.pl;teliatv.ee;turksatkablo.com.tr;tv-programme.telecablesat.fr;tv.blue.ch;tv.mail.ru;tv.nu;tv.post.lu;tv.sfr.fr;tv24.se;tv2go.t-2.net;tvcesoir.fr;tvgids.nl;tvhebdo.com;vodafone.pt;webtv.delta.nl;ziggogo.tv,source_epg_id_exact,1.000,ok,,https://cms123456.com/assets/uploads/files/86aa6-1545266756_mezzo-live-hd.jpg
805,French-HD,Fr-TF1 +1,Fr-TF1 +1,TF1plus1.fr,FR,,,,,unmapped,0.667,unmapped,source EPG id present but no target-country guide channel: TF1plus1.fr,https://cms123456.com/assets/uploads/files/e0f61-tf1-.jpg
901,French-HD,Fr-novo 19,Fr-novo 19,,FR,FR:NOVO19.fr,NOVO19,FR,tv.sfr.fr,fuzzy_name_high,0.923,ok,,https://cms123456.com/assets/uploads/files/9a9ff-telechargement-2-.png
844,French-HD,France TV Doc,France TV Doc,,FR,,,,,unmapped,0.778,unmapped,no reliable match in target-country guide channel set,
843,French-HD,France TV Series ,France TV Series ,,FR,,,,,unmapped,0.692,unmapped,no reliable match in target-country guide channel set,
835,French-HD,RMC Alerte Secours,RMC Alerte Secours,,FR,,,,,unmapped,0.516,unmapped,no reliable match in target-country guide channel set,https://cms123456.com/assets/uploads/files/22fbd-channels4_profile-1-.jpg
838,French-HD,RMC J'irai dormir chez vous,RMC J'irai dormir chez vous,,FR,,,,,unmapped,0.444,unmapped,no reliable match in target-country guide channel set,https://cms123456.com/assets/uploads/files/614b2-jpg.jpeg
839,French-HD,RMC MECANIC,RMC MECANIC,,FR,,,,,unmapped,0.526,unmapped,no reliable match in target-country guide channel set,https://cms123456.com/assets/uploads/files/dd8e2-images-4-.jpeg
837,French-HD,RMC MYSTÈRE,RMC MYSTÈRE,,FR,,,,,unmapped,0.700,unmapped,no reliable match in target-country guide channel set,https://cms123456.com/assets/uploads/files/58c21-39491228.webp
841,French-HD,RMC TALK SPORT,RMC TALK SPORT,,FR,,,,,unmapped,0.720,unmapped,no reliable match in target-country guide channel set,https://cms123456.com/assets/uploads/files/422ef-28501.png
840,French-HD,RMC Talk Info,RMC Talk Info,FRBA33000234L,FR,,,,,unmapped,0.545,unmapped,source EPG id present but no target-country guide channel: FRBA33000234L,https://cms123456.com/assets/uploads/files/d2c37-28501.png
836,French-HD,RMC WOW,RMC WOW,,FR,,,,,unmapped,0.625,unmapped,no reliable match in target-country guide channel set,https://cms123456.com/assets/uploads/files/3cee0-channels4_profile-2-.jpg
842,French-HD,Weo TV,Weo TV,Weo.fr,FR,,,,,unmapped,0.500,unmapped,source EPG id present but no target-country guide channel: Weo.fr,https://cms123456.com/assets/uploads/files/40a5e-52s6bfkakps4xvpzvhprusmcyy.jpg
851,French-HD,canal+ cinema,canal+ cinema,,FR,FR:CanalPlusCinemas.fr,Canal+ Cinemas,FR,chaines-tv.orange.fr;guidetnt.com,fuzzy_name_high,0.963,ok,,https://cms123456.com/assets/uploads/files/06ba2-366cd-canal-cinema.png
900,French-HD,fr-Crime District,fr-Crime District,CrimeDistrict.fr,FR,FR:CrimeDistrict.fr,Crime District,FR,chaines-tv.orange.fr;guidetnt.com;pickx.be;programme-tv.net;tv-programme.telecablesat.fr;tv.blue.ch;tv.post.lu;tv.sfr.fr;tvcesoir.fr,source_epg_id_exact,1.000,ok,,https://cms123456.com/assets/uploads/files/0f650-1200px-crime_district_logo_2016.svg.png
850,French-HD,fr-canal+ v2,fr-canal+ v2,,FR,FR:CanalPlus.fr,Canal+,FR,canalplus.com;chaines-tv.orange.fr;guidetnt.com;programme-tv.net;tv-programme.telecablesat.fr;tv.blue.ch;tvcesoir.fr,fuzzy_name_high,0.920,ok,,https://cms123456.com/assets/uploads/files/1b49b-869df-0a039-canal-.png
2191,Spain,ESP- Dazn 1,ESP- Dazn 1,,ES,,,,,unmapped,0.444,unmapped,no reliable match in target-country guide channel set,
2192,Spain,ESP- Dazn 2,ESP- Dazn 2,,ES,,,,,unmapped,0.444,unmapped,no reliable match in target-country guide channel set,
2101,Spain,ESP- Star Channel,ESP- Star Channel,,ES,,,,,unmapped,0.556,unmapped,no reliable match in target-country guide channel set,https://cms123456.com/assets/uploads/files/14cb5-fox_wordmark.svg.png
2152,Spain,ESP- TEN,ESP- TEN,,ES,,,,,unmapped,0.600,unmapped,no reliable match in target-country guide channel set,https://cms123456.com/assets/uploads/files/88376-telechargement-16-.png
2189,Spain,ESP-#0,ESP-#0,,ES,,,,,unmapped,0.533,unmapped,no reliable match in target-country guide channel set,
2188,Spain,ESP-#Vamos,ESP-#Vamos,,ES,,,,,unmapped,0.571,unmapped,no reliable match in target-country guide channel set,https://cms123456.com/assets/uploads/files/139a8-_hds7rb__400x400.jpg
2145,Spain,ESP-24HORAS,ESP-24HORAS,,ES,ES:24Horas.es,24 Horas,ES,chaines-tv.orange.fr;gatotv.com;m.tv.sms.cz;meo.pt;mi.tv;mujtvprogram.cz;nostv.pt;orangetv.orange.es;programacion-tv.elpais.com;tv.blue.ch;tv.sfr.fr;tv24.se;vodafone.pt,fuzzy_name_high,0.920,ok,,https://cms123456.com/assets/uploads/files/48bd2-telechargement-2-.jpg
2164,Spain,ESP-AMC,ESP-AMC,,ES,,,,,unmapped,0.471,unmapped,no reliable match in target-country guide channel set,https://cms123456.com/assets/uploads/files/22755-amc-tv-logo.png
2090,Spain,ESP-ANTENNA3,ESP-ANTENNA3,,ES,,,,,unmapped,0.700,unmapped,no reliable match in target-country guide channel set,https://cms123456.com/assets/uploads/files/c683e-antena_3.svg.png
2154,Spain,ESP-ARAGON TV,ESP-ARAGON TV,,ES,ES:AragonTV.es,Aragon TV,ES,programacion-tv.elpais.com,fuzzy_name_high,0.920,ok,,https://cms123456.com/assets/uploads/files/a5354-telechargement-16-.png
2104,Spain,ESP-AXN_HD,ESP-AXN_HD,,ES,,,,,unmapped,0.500,unmapped,no reliable match in target-country guide channel set,https://cms123456.com/assets/uploads/files/b21a9-axn_logo_-2015-.svg.png
2103,Spain,ESP-AXN_White,ESP-AXN_White,,ES,,,,,unmapped,0.526,unmapped,no reliable match in target-country guide channel set,https://cms123456.com/assets/uploads/files/790b1-telechargement-4-.png
2167,Spain,ESP-Atreseries,ESP-Atreseries,,ES,ES:Atreseries.es,Atreseries,ES,chaines-tv.orange.fr;gatotv.com;mi.tv;orangetv.orange.es;programacion-tv.elpais.com;tv.blue.ch;tv.sfr.fr,fuzzy_name_high,0.920,ok,,https://cms123456.com/assets/uploads/files/1514c-telechargement.jpg
2128,Spain,ESP-BE.MAD,ESP-BE.MAD,,ES,ES:BeMad.es,Be Mad,ES,gatotv.com;orangetv.orange.es;programacion-tv.elpais.com,fuzzy_name_high,0.920,ok,,https://cms123456.com/assets/uploads/files/37d19-telechargement-9-.png
2143,Spain,ESP-BOING,ESP-BOING,,ES,ES:Boing.es,Boing,ES,orangetv.orange.es;programacion-tv.elpais.com,fuzzy_name_high,0.920,ok,,https://cms123456.com/assets/uploads/files/58c86-boing_2020.svg.png
2153,Spain,ESP-BOM CINE,ESP-BOM CINE,,ES,ES:BomCine.es,Bom Cine,ES,orangetv.orange.es,fuzzy_name_high,0.920,ok,,https://cms123456.com/assets/uploads/files/34e7e-telechargement-16-.png
2123,Spain,ESP-Barca,ESP-Barca,,ES,,,,,unmapped,0.500,unmapped,no reliable match in target-country guide channel set,https://cms123456.com/assets/uploads/files/cb0bd-cbadbeea-b6a9-47f2-a715-bf161750101c_alta-libre-aspect-ratio_default_0.jpg
2159,Spain,ESP-Bein_Sport _HD,ESP-Bein_Sport _HD,,ES,,,,,unmapped,0.519,unmapped,no reliable match in target-country guide channel set,
2177,Spain,ESP-Blaze,ESP-Blaze,,ES,,,,,unmapped,0.556,unmapped,no reliable match in target-country guide channel set,https://cms123456.com/assets/uploads/files/8964b-1200px-blaze_-_2016_logo.svg.png
2137,Spain,ESP-CANAL+DEPORTES-2_HD,ESP-CANAL+DEPORTES-2_HD,,ES,,,,,unmapped,0.541,unmapped,no reliable match in target-country guide channel set,https://cms123456.com/assets/uploads/files/388f2-1200px-movistar_deportes_2.svg.png
2093,Spain,ESP-CAZA_Y_PESCA,ESP-CAZA_Y_PESCA,,ES,ES:CazayPesca.es,Caza y Pesca,ES,programacion-tv.elpais.com,fuzzy_name_high,0.920,ok,,https://cms123456.com/assets/uploads/files/c27cb-caza-pesca_m-.png
2158,Spain,ESP-CGTN,ESP-CGTN,,ES,,,,,unmapped,0.533,unmapped,no reliable match in target-country guide channel set,https://cms123456.com/assets/uploads/files/0c16c-unnamed-2-.png
2144,Spain,ESP-CLAN-TVE,ESP-CLAN-TVE,,ES,ES:Clan.es,Clan,ES,cableplus.com.uy;gatotv.com;orangetv.orange.es;programacion-tv.elpais.com,fuzzy_name_high,0.920,ok,,https://cms123456.com/assets/uploads/files/d66ed-clan_tve_logo.svg.png
2127,Spain,ESP-CRIMEN+ INVESTIGATION,ESP-CRIMEN+ INVESTIGATION,,ES,,,,,unmapped,0.553,unmapped,no reliable match in target-country guide channel set,https://cms123456.com/assets/uploads/files/e96dd-telechargement-6-.png
2091,Spain,ESP-CUATRO,ESP-CUATRO,,ES,ES:Cuatro.es,Cuatro,ES,gatotv.com;orangetv.orange.es;programacion-tv.elpais.com;tvprofil.com,fuzzy_name_high,0.920,ok,,https://cms123456.com/assets/uploads/files/2daaa-telechargement-1-.png
2106,Spain,ESP-Calle_13_Spain,ESP-Calle_13_Spain,,ES,,,,,unmapped,0.611,unmapped,no reliable match in target-country guide channel set,https://cms123456.com/assets/uploads/files/7ca9d-unnamed.jpg
2134,Spain,ESP-Canal+Toros,ESP-Canal+Toros,,ES,,,,,unmapped,0.545,unmapped,no reliable match in target-country guide channel set,https://cms123456.com/assets/uploads/files/8480a-d29a16fb-ad13-4a44-b9a0-767cbc1746d9_16-9-discover-aspect-ratio_default_0.jpg
2132,Spain,ESP-Canal+sur.a,ESP-Canal+sur.a,,ES,,,,,unmapped,0.692,unmapped,no reliable match in target-country guide channel set,https://cms123456.com/assets/uploads/files/e9dba-unnamed-3-.jpg
2133,Spain,ESP-Canal_ORBE,ESP-Canal_ORBE,,ES,,,,,unmapped,0.609,unmapped,no reliable match in target-country guide channel set,https://cms123456.com/assets/uploads/files/9cd60-unnamed-2-.jpg
2151,Spain,ESP-Caracol,ESP-Caracol,,ES,,,,,unmapped,0.483,unmapped,no reliable match in target-country guide channel set,https://cms123456.com/assets/uploads/files/4b551-telechargement-16-.png
2187,Spain,ESP-Classica,ESP-Classica,,ES,,,,,unmapped,0.571,unmapped,no reliable match in target-country guide channel set,https://cms123456.com/assets/uploads/files/15153-logo_classica_bandeau_noir.jpg
2163,Spain,ESP-Comedy Central,ESP-Comedy Central,,ES,ES:ComedyCentral.es,Comedy Central,ES,gatotv.com;orangetv.orange.es;programacion-tv.elpais.com,fuzzy_name_high,0.920,ok,,https://cms123456.com/assets/uploads/files/1c572-comedy_central.jpg
2107,Spain,ESP-Cosmo,ESP-Cosmo,,ES,ES:COSMO.es,COSMO,ES,gatotv.com;orangetv.orange.es;programacion-tv.elpais.com,fuzzy_name_high,0.920,ok,,https://cms123456.com/assets/uploads/files/d2b72-unnamed-1-.jpg
2146,Spain,ESP-DAZN 3,ESP-DAZN 3,,ES,,,,,unmapped,0.471,unmapped,no reliable match in target-country guide channel set,https://cms123456.com/assets/uploads/files/77c23-telechargement-16-.png
2129,Spain,ESP-DISNEY+,ESP-DISNEY+,,ES,,,,,unmapped,0.500,unmapped,no reliable match in target-country guide channel set,https://cms123456.com/assets/uploads/files/18d2e-disney-_logo.svg.png
2131,Spain,ESP-DISNEY_CHANNEL,ESP-DISNEY_CHANNEL,,ES,,,,,unmapped,0.649,unmapped,no reliable match in target-country guide channel set,https://cms123456.com/assets/uploads/files/9e451-disneychannelemea.svg.png
2130,Spain,ESP-DISNEY_JUNIOR,ESP-DISNEY_JUNIOR,,ES,ES:DisneyJunior.es,Disney Junior,ES,gatotv.com;orangetv.orange.es;programacion-tv.elpais.com,fuzzy_name_high,0.920,ok,,https://cms123456.com/assets/uploads/files/4d5f5-disney_junior.svg.png
2096,Spain,ESP-DIVINITY,ESP-DIVINITY,,ES,ES:Divinity.es,Divinity,ES,gatotv.com;orangetv.orange.es;programacion-tv.elpais.com,fuzzy_name_high,0.920,ok,,https://cms123456.com/assets/uploads/files/bf812-telechargement-8-.png
2150,Spain,ESP-DKISS,ESP-DKISS,,ES,ES:DKISS.es,DKISS,ES,orangetv.orange.es,fuzzy_name_high,0.920,ok,,https://cms123456.com/assets/uploads/files/7c17e-telechargement-16-.png
2179,Spain,ESP-DMAX,ESP-DMAX,,ES,ES:DMAX.es,DMAX,ES,orangetv.orange.es;programacion-tv.elpais.com,fuzzy_name_high,0.920,ok,,https://cms123456.com/assets/uploads/files/9b8a8-dmax_logo_16_05_2011.jpg
2147,Spain,ESP-Dazn 4,ESP-Dazn 4,,ES,,,,,unmapped,0.444,unmapped,no reliable match in target-country guide channel set,https://cms123456.com/assets/uploads/files/18de2-telechargement-16-.png
2124,Spain,ESP-Dazn Formula1,ESP-Dazn Formula1,,ES,,,,,unmapped,0.417,unmapped,no reliable match in target-country guide channel set,https://cms123456.com/assets/uploads/files/8f501-movistar_formula_1.svg.png
2108,Spain,ESP-Discovry_Chaneel,ESP-Discovry_Chaneel,,ES,,,,,unmapped,0.718,unmapped,no reliable match in target-country guide channel set,https://cms123456.com/assets/uploads/files/55237-512px-discovery_channel_-_logo_2019.svg.png
2097,Spain,ESP-ENERGY,ESP-ENERGY,,ES,ES:Energy.es,Energy,ES,gatotv.com;orangetv.orange.es;programacion-tv.elpais.com,fuzzy_name_high,0.920,ok,,https://cms123456.com/assets/uploads/files/df9e2-energy.svg.png
2149,Spain,ESP-ETB 1,ESP-ETB 1,,ES,ES:ETB1.es,ETB 1,ES,gatotv.com;orangetv.orange.es;programacion-tv.elpais.com;tv.sfr.fr,fuzzy_name_high,0.920,ok,,https://cms123456.com/assets/uploads/files/857d4-telechargement-16-.png
2180,Spain,ESP-Euronews,ESP-Euronews,,ES,,,,,unmapped,0.545,unmapped,no reliable match in target-country guide channel set,https://cms123456.com/assets/uploads/files/a86a0-channels4_profile-1-.jpg
2175,Spain,ESP-Eurosport 1,ESP-Eurosport 1,,ES,,,,,unmapped,0.560,unmapped,no reliable match in target-country guide channel set,https://cms123456.com/assets/uploads/files/cc37c-eurosport_1_logo_2015.svg.png
2176,Spain,ESP-Eurosport 2,ESP-Eurosport 2,,ES,,,,,unmapped,0.560,unmapped,no reliable match in target-country guide channel set,https://cms123456.com/assets/uploads/files/acc35-eurosport_2_logo.jpg
2095,Spain,ESP-FDF,ESP-FDF,,ES,,,,,unmapped,0.471,unmapped,no reliable match in target-country guide channel set,https://cms123456.com/assets/uploads/files/780b3-fdf-512.png
2155,Spain,ESP-FUTBOL_HD,ESP-FUTBOL_HD,,ES,,,,,unmapped,0.444,unmapped,no reliable match in target-country guide channel set,https://cms123456.com/assets/uploads/files/50903-movistar_futbol.svg.png
2182,Spain,ESP-France 24,ESP-France 24,,ES,,,,,unmapped,0.500,unmapped,no reliable match in target-country guide channel set,https://cms123456.com/assets/uploads/files/c3e1d-1200px-logos_france24_rvb_2013.svg.png
2125,Spain,ESP-GOL_TV,ESP-GOL_TV,,ES,,,,,unmapped,0.588,unmapped,no reliable match in target-country guide channel set,https://cms123456.com/assets/uploads/files/271aa-logo.png
2148,Spain,ESP-HIT TV,ESP-HIT TV,,ES,,,,,unmapped,0.600,unmapped,no reliable match in target-country guide channel set,https://cms123456.com/assets/uploads/files/2dcee-telechargement-16-.png
2112,Spain,ESP-Historia,ESP-Historia,,ES,ES:Historia.es,Historia,ES,gatotv.com;orangetv.orange.es;programacion-tv.elpais.com,fuzzy_name_high,0.920,ok,,https://cms123456.com/assets/uploads/files/0fec7-channels4_profile.jpg
2120,Spain,ESP-Hollywood,ESP-Hollywood,,ES,,,,,unmapped,0.714,unmapped,no reliable match in target-country guide channel set,https://cms123456.com/assets/uploads/files/410ca-canal_hollywood.png
2156,Spain,ESP-IBERALIA,ESP-IBERALIA,,ES,,,,,unmapped,0.522,unmapped,no reliable match in target-country guide channel set,https://cms123456.com/assets/uploads/files/a9edf-unnamed-1-.png
2094,Spain,ESP-La_Sexta_HD,ESP-La_Sexta_HD,,ES,ES:LaSexta.es,La Sexta,ES,gatotv.com;orangetv.orange.es;programacion-tv.elpais.com,fuzzy_name_high,0.920,ok,,https://cms123456.com/assets/uploads/files/31bca-la_sexta_-a3m-.svg.png
2169,Spain,ESP-MEGA,ESP-MEGA,,ES,ES:Mega.es,Mega,ES,gatotv.com;orangetv.orange.es;programacion-tv.elpais.com,fuzzy_name_high,0.920,ok,,https://cms123456.com/assets/uploads/files/db3bf-01_mega_logo.svg.png
2113,Spain,ESP-MTV,ESP-MTV,,ES,,,,,unmapped,0.600,unmapped,no reliable match in target-country guide channel set,https://cms123456.com/assets/uploads/files/89e6e-mtv5246.jpg
2185,Spain,ESP-Mezzo,ESP-Mezzo,,ES,,,,,unmapped,0.526,unmapped,no reliable match in target-country guide channel set,https://cms123456.com/assets/uploads/files/3cbaa-telechargement-3-.jpg
2186,Spain,ESP-Mezzo Live,ESP-Mezzo Live,,ES,,,,,unmapped,0.526,unmapped,no reliable match in target-country guide channel set,https://cms123456.com/assets/uploads/files/0bce7-arton7809.png
2115,Spain,ESP-Movistar  Estrenos 2,ESP-Movistar  Estrenos 2,,ES,,,,,unmapped,0.591,unmapped,no reliable match in target-country guide channel set,https://cms123456.com/assets/uploads/files/2e34d-1200px-movistar_cinedoc-roll.svg.png
2114,Spain,ESP-Movistar Accion,ESP-Movistar Accion,,ES,,,,,unmapped,0.600,unmapped,no reliable match in target-country guide channel set,https://cms123456.com/assets/uploads/files/6035c-movistar_accion.svg.png
2100,Spain,ESP-Movistar Cine Ñ,ESP-Movistar Cine Ñ,,ES,,,,,unmapped,0.600,unmapped,no reliable match in target-country guide channel set,https://cms123456.com/assets/uploads/files/39b5a-2560px-movistar_cine_espanol.svg.png
2116,Spain,ESP-Movistar Cocina,ESP-Movistar Cocina,,ES,,,,,unmapped,0.600,unmapped,no reliable match in target-country guide channel set,https://cms123456.com/assets/uploads/files/ef28a-images.png
2105,Spain,ESP-Movistar Comedia,ESP-Movistar Comedia,,ES,,,,,unmapped,0.585,unmapped,no reliable match in target-country guide channel set,https://cms123456.com/assets/uploads/files/be7cd-movistar_comedia.svg.png
2139,Spain,ESP-Movistar Decasa,ESP-Movistar Decasa,,ES,,,,,unmapped,0.650,unmapped,no reliable match in target-country guide channel set,https://cms123456.com/assets/uploads/files/e7f3e-telechargement-7-.png
2136,Spain,ESP-Movistar Deportes,ESP-Movistar Deportes,,ES,,,,,unmapped,0.667,unmapped,no reliable match in target-country guide channel set,https://cms123456.com/assets/uploads/files/e8235-2025px-movistar_deportes_1.svg.png
2099,Spain,ESP-Movistar Drama,ESP-Movistar Drama,,ES,,,,,unmapped,0.615,unmapped,no reliable match in target-country guide channel set,https://cms123456.com/assets/uploads/files/2e7ad-800px-movistar_drama.svg.png
2118,Spain,ESP-Movistar Estrenos,ESP-Movistar Estrenos,,ES,,,,,unmapped,0.619,unmapped,no reliable match in target-country guide channel set,https://cms123456.com/assets/uploads/files/c563e-movistar_estrenos.svg.png
2126,Spain,ESP-Movistar Golf,ESP-Movistar Golf,,ES,,,,,unmapped,0.684,unmapped,no reliable match in target-country guide channel set,https://cms123456.com/assets/uploads/files/0a72f-2560px-movistar_golf.svg.png
2171,Spain,ESP-Movistar LaLiga 1,ESP-Movistar LaLiga 1,,ES,ES:LaLigaTV.es,LaLiga TV,ES,orangetv.orange.es,fuzzy_name_high,0.920,ok,,https://cms123456.com/assets/uploads/files/c3282-movistar_laliga_1.png
2172,Spain,ESP-Movistar LaLiga 2,ESP-Movistar LaLiga 2,,ES,ES:LaLigaTV.es,LaLiga TV,ES,orangetv.orange.es,fuzzy_name_high,0.920,ok,,https://cms123456.com/assets/uploads/files/8f0bb-tv-station-movistar-laliga-2-1836.png
2173,Spain,ESP-Movistar LaLiga 3,ESP-Movistar LaLiga 3,,ES,ES:LaLigaTV.es,LaLiga TV,ES,orangetv.orange.es,fuzzy_name_high,0.920,ok,,https://cms123456.com/assets/uploads/files/422fc-movistar_laliga_3.png
2174,Spain,ESP-Movistar Liga de Campeones,ESP-Movistar Liga de Campeones,,ES,,,,,unmapped,0.583,unmapped,no reliable match in target-country guide channel set,https://cms123456.com/assets/uploads/files/e72be-800px-movistar_liga_de_campeones.svg.png
2098,Spain,ESP-Movistar Series,ESP-Movistar Series,,ES,,,,,unmapped,0.650,unmapped,no reliable match in target-country guide channel set,https://cms123456.com/assets/uploads/files/1ead6-telechargement-2-.png
2161,Spain,ESP-Movistar Series 2,ESP-Movistar Series 2,,ES,,,,,unmapped,0.619,unmapped,no reliable match in target-country guide channel set,https://cms123456.com/assets/uploads/files/6efd0-series_2_por_movistar_plus-_2022_logo.svg.png
2142,Spain,ESP-NICKELODEON,ESP-NICKELODEON,,ES,ES:Nickelodeon.es,Nickelodeon,ES,gatotv.com;meo.pt;orangetv.orange.es;programacion-tv.elpais.com,fuzzy_name_high,0.920,ok,,https://cms123456.com/assets/uploads/files/906f0-nickelodeon_2023_logo_-alternative-.svg.png
2111,Spain,ESP-National_Geographic,ESP-National_Geographic,,ES,ES:NationalGeographic.es,National Geographic,ES,gatotv.com;orangetv.orange.es;programacion-tv.elpais.com,fuzzy_name_high,0.920,ok,,https://cms123456.com/assets/uploads/files/7d1d2-national-geographic-logo.svg.png
2109,Spain,ESP-National_Geographic_Wild,ESP-National_Geographic_Wild,,ES,ES:NationalGeographicWild.es,National Geographic Wild,ES,orangetv.orange.es,fuzzy_name_high,0.923,ok,,https://cms123456.com/assets/uploads/files/064c2-national_geographic_wild_logo.svg.png
2166,Spain,ESP-Neox,ESP-Neox,,ES,ES:Neox.es,Neox,ES,gatotv.com;orangetv.orange.es;programacion-tv.elpais.com,fuzzy_name_high,0.920,ok,,https://cms123456.com/assets/uploads/files/70a5c-telechargement-5-.png
2184,Spain,ESP-Nick JR,ESP-Nick JR,,ES,ES:NickJr.es,Nick Jr.,ES,gatotv.com;orangetv.orange.es;programacion-tv.elpais.com,fuzzy_name_high,0.920,ok,,https://cms123456.com/assets/uploads/files/1d491-nick_jr._logo_2023.png
2168,Spain,ESP-Nova,ESP-Nova,,ES,ES:Nova.es,Nova,ES,gatotv.com;orangetv.orange.es;programacion-tv.elpais.com,fuzzy_name_high,0.920,ok,,https://cms123456.com/assets/uploads/files/cbbcd-512x512bb.jpg
2157,Spain,ESP-ODISEA_HD,ESP-ODISEA_HD,,ES,ES:Odisea.es,Odisea,ES,gatotv.com;orangetv.orange.es;programacion-tv.elpais.com,fuzzy_name_high,0.920,ok,,https://cms123456.com/assets/uploads/files/10492-telechargement-11-.png
2140,Spain,ESP-PANDA,ESP-PANDA,,ES,,,,,unmapped,0.533,unmapped,no reliable match in target-country guide channel set,https://cms123456.com/assets/uploads/files/2c6ab-telechargement-13-.png
2170,Spain,ESP-Paramount,ESP-Paramount,,ES,,,,,unmapped,0.552,unmapped,no reliable match in target-country guide channel set,https://cms123456.com/assets/uploads/files/a6ae2-paramount_network_logo.png
2122,Spain,ESP-Real_Madrid,ESP-Real_Madrid,,ES,ES:RealMadridTV.es,Real Madrid TV,ES,chaines-tv.orange.fr;epg.iptvx.one;gatotv.com;i.mjh.nz;orangetv.orange.es;pluto.tv;programacion-tv.elpais.com;tv.sfr.fr;xumo.tv,fuzzy_name_high,0.920,ok,,https://cms123456.com/assets/uploads/files/cebee-real-madrid-tv-free-800x450.jpg
2181,Spain,ESP-Russia Today,ESP-Russia Today,,ES,,,,,unmapped,0.462,unmapped,no reliable match in target-country guide channel set,https://cms123456.com/assets/uploads/files/0b96d-russia-today-logo.svg.png
2121,Spain,ESP-SUNDANCE_TV,ESP-SUNDANCE_TV,,ES,ES:SundanceTV.es,Sundance TV,ES,gatotv.com;orangetv.orange.es;programacion-tv.elpais.com,fuzzy_name_high,0.920,ok,,https://cms123456.com/assets/uploads/files/67cd7-telechargement-10-.png
2110,Spain,ESP-SYFY_HD,ESP-SYFY_HD,,ES,ES:Syfy.es,Syfy,ES,gatotv.com;orangetv.orange.es;programacion-tv.elpais.com,fuzzy_name_high,0.920,ok,,https://cms123456.com/assets/uploads/files/b6d2f-unnamed.png
2165,Spain,ESP-Star Life,ESP-Star Life,,ES,,,,,unmapped,0.529,unmapped,no reliable match in target-country guide channel set,
2119,Spain,ESP-TCM,ESP-TCM,,ES,,,,,unmapped,0.600,unmapped,no reliable match in target-country guide channel set,https://cms123456.com/assets/uploads/files/de6a4-tdc68_148c_0.jpg
2092,Spain,ESP-TELECINCOHD,ESP-TELECINCOHD,,ES,ES:Telecinco.es,Telecinco,ES,gatotv.com;orangetv.orange.es;programacion-tv.elpais.com,fuzzy_name_high,0.920,ok,,https://cms123456.com/assets/uploads/files/b59bb-telecinco.svg.png
2162,Spain,ESP-TNT,ESP-TNT,,ES,,,,,unmapped,0.571,unmapped,no reliable match in target-country guide channel set,https://cms123456.com/assets/uploads/files/44128-tnt_-tv_channel-.svg.png
2190,Spain,ESP-TV3,ESP-TV3,,ES,,,,,unmapped,0.714,unmapped,no reliable match in target-country guide channel set,https://cms123456.com/assets/uploads/files/33852-tv3.svg.png
2160,Spain,ESP-TV_Galicia,ESP-TV_Galicia,,ES,,,,,unmapped,0.625,unmapped,no reliable match in target-country guide channel set,https://cms123456.com/assets/uploads/files/d52e3-180px-television_de_galicia_logo.svg.png
2183,Spain,ESP-TeleSur,ESP-TeleSur,,ES,,,,,unmapped,0.571,unmapped,no reliable match in target-country guide channel set,https://cms123456.com/assets/uploads/files/733fa-unnamed-3-.png
2135,Spain,ESP-Teledeporte,ESP-Teledeporte,,ES,ES:Teledeporte.es,Teledeporte,ES,gatotv.com;orangetv.orange.es;programacion-tv.elpais.com,fuzzy_name_high,0.920,ok,,https://cms123456.com/assets/uploads/files/aa652-150px-teledeporte.svg.png
2102,Spain,ESP-Telemundo,ESP-Telemundo,,ES,,,,,unmapped,0.545,unmapped,no reliable match in target-country guide channel set,https://cms123456.com/assets/uploads/files/5af15-telemundo_logo_2018.svg.png
2138,Spain,ESP-VH1,ESP-VH1,,ES,,,,,unmapped,0.500,unmapped,no reliable match in target-country guide channel set,https://cms123456.com/assets/uploads/files/610b8-telechargement-14-.png
2178,Spain,ESP-Viajar,ESP-Viajar,,ES,,,,,unmapped,0.476,unmapped,no reliable match in target-country guide channel set,https://cms123456.com/assets/uploads/files/59e76-telechargement-12-.png
2141,Spain,ESP-babyTV,ESP-babyTV,,ES,,,,,unmapped,0.471,unmapped,no reliable match in target-country guide channel set,https://cms123456.com/assets/uploads/files/c6e40-babytv.png
2085,Spain,ESP-À Punt TV,ESP-À Punt TV,,ES,ES:APunt.es,A Punt,ES,orangetv.orange.es,fuzzy_name_high,0.920,ok,,
2088,Spain,La 1,ESP-La_1,ES:La1.es,ES,ES:La1.es,La 1,ES,gatotv.com;orangetv.orange.es;programacion-tv.elpais.com;tv-programme.telecablesat.fr,source_epg_id_exact,1.000,ok,,https://i.ibb.co/MxJNPHsn/La-1.png
2089,Spain,La 2,ESP-La_2,ES:La2.es,ES,ES:La2.es,La 2,ES,gatotv.com;orangetv.orange.es;programacion-tv.elpais.com;tv-programme.telecablesat.fr,source_epg_id_exact,1.000,ok,,https://i.ibb.co/rfsr9PSh/La-2.png
2117,Spain,Movistar LaLiga,ESP-Movistar LaLiga,,ES,ES:LaLigaTV.es,LaLiga TV,ES,orangetv.orange.es,fuzzy_name_high,0.920,ok,,https://cms123456.com/assets/uploads/files/1828f-800px-movistar_laliga.svg.png
2087,Spain,Tele de porte,Tele de porte,,ES,ES:Teledeporte.es,Teledeporte,ES,gatotv.com;orangetv.orange.es;programacion-tv.elpais.com,fuzzy_name_review,0.857,review,,
2086,Spain,Trece,Trece,,ES,ES:Trece.es,Trece,ES,orangetv.orange.es,fuzzy_name_high,1.000,ok,,
1707,UK,Channel 4,Channel 4,,UK,UK:Channel4.uk,Channel 4,UK,entertainment.ie;freeview.co.uk;mytelly.co.uk;player.ee.co.uk;sky.com;tv.blue.ch;tv24.co.uk;tvireland.ie,fuzzy_name_high,1.000,ok,,
1650,UK,UK- 5 Select ,UK- 5 Select ,,UK,UK:5SELECT.uk,5SELECT,UK,freeview.co.uk;mytelly.co.uk;player.ee.co.uk;sky.com;tv.blue.ch;tv24.co.uk;virgintvgo.virginmedia.com,fuzzy_name_high,0.933,ok,,https://cms123456.com/assets/uploads/files/16822-skytwo.png
1690,UK,UK-5 Star,UK-5 Star,,UK,UK:5STAR.uk,5STAR,UK,freeview.co.uk;mytelly.co.uk;player.ee.co.uk;sky.com;tv.blue.ch;virgintvgo.virginmedia.com,fuzzy_name_high,0.920,ok,,https://cms123456.com/assets/uploads/files/d4d05-fox_crime_global.png
1688,UK,UK-Animal Planet,UK-Animal Planet,,UK,UK:AnimalPlanet.uk,Animal Planet,UK,entertainment.ie;m.tv.sms.cz;mytelly.co.uk;sky.com;tvireland.ie;virgintvgo.virginmedia.com,fuzzy_name_high,1.000,ok,,https://cms123456.com/assets/uploads/files/3c8a1-animal_planet_us_hd.png
1646,UK,UK-BBC 1,UK-BBC 1,,UK,,,,,unmapped,0.667,unmapped,no reliable match in target-country guide channel set,https://cms123456.com/assets/uploads/files/0c481-bbc_one_hd.png
1647,UK,UK-BBC 2,UK-BBC 2,,UK,,,,,unmapped,0.667,unmapped,no reliable match in target-country guide channel set,https://cms123456.com/assets/uploads/files/b9de6-bbc_two_uk_hd.png
1701,UK,UK-BBC 4,UK-BBC 4,,UK,,,,,unmapped,0.667,unmapped,no reliable match in target-country guide channel set,https://cms123456.com/assets/uploads/files/d31fb-200px-bbc_four.svg.png
1649,UK,UK-BBC Scotland,UK-BBC Scotland,,UK,UK:BBCScotland.uk,BBC Scotland,UK,freeview.co.uk;mytelly.co.uk;sky.com;virgintvgo.virginmedia.com,fuzzy_name_high,1.000,ok,,https://cms123456.com/assets/uploads/files/7f6c4-200px-bbc_scotland_corporate_logo.svg.png
1648,UK,UK-BBC World News,UK-BBC World News,,UK,,,,,unmapped,0.727,unmapped,no reliable match in target-country guide channel set,https://cms123456.com/assets/uploads/files/1dfca-bbc_world_news_uk.png
1703,UK,UK-BOX NATION,UK-BOX NATION,,UK,,,,,unmapped,0.700,unmapped,no reliable match in target-country guide channel set,https://cms123456.com/assets/uploads/files/a796b-box-nation.jpg
1666,UK,UK-BT Sport 1,UK-BT Sport 1,,UK,,,,,unmapped,0.818,unmapped,no reliable match in target-country guide channel set,https://cms123456.com/assets/uploads/files/c5e64-bt_sport_uk_1_hd.png
1667,UK,UK-BT Sport 2,UK-BT Sport 2,,UK,,,,,unmapped,0.818,unmapped,no reliable match in target-country guide channel set,https://cms123456.com/assets/uploads/files/e5369-bt_sport_uk_2_hd.png
1668,UK,UK-BT Sport 3,UK-BT Sport 3,,UK,,,,,unmapped,0.818,unmapped,no reliable match in target-country guide channel set,https://cms123456.com/assets/uploads/files/cc585-bt_sport_uk_europe.png
1672,UK,UK-Baby TV,UK-Baby TV,,UK,UK:BabyTV.uk,BabyTV,UK,bein.com;digiturk.com.tr;dsmart.com.tr;m.tv.sms.cz;melita.com;meo.pt;meuguia.tv;mi.tv;mujtvprogram.cz;musor.tv;mytelly.co.uk;nostv.pt;pickx.be;programacion-tv.elpais.com;programetv.ro;programme-tv.net;programtv.onet.pl;reportv.com.ar;sky.com;startimestv.com;superguidatv.it;telenet.tv;turksatkablo.com.tr;tv.dir.bg;tv.mail.ru;tv2go.t-2.net;tvireland.ie;tvplus.com.tr;virgintvgo.virginmedia.com;vodafone.pt;web.magentatv.de;webtv.delta.nl;zap.co.ao;ziggogo.tv,fuzzy_name_high,0.920,ok,,https://cms123456.com/assets/uploads/files/4e46d-baby_tv_uk_hd.png
1673,UK,UK-Boomerang,UK-Boomerang,,UK,UK:Boomerang.uk,Boomerang,UK,entertainment.ie;mytelly.co.uk;player.ee.co.uk;sky.com;tvireland.ie;virgintvgo.virginmedia.com,fuzzy_name_high,1.000,ok,,https://cms123456.com/assets/uploads/files/109ab-boomerang_global_hd.png
1675,UK,UK-CARTOON NETWORK,UK-CARTOON NETWORK,,UK,UK:CartoonNetwork.uk,Cartoon Network,UK,entertainment.ie;mytelly.co.uk;player.ee.co.uk;sky.com;tvireland.ie;virgintvgo.virginmedia.com,fuzzy_name_high,1.000,ok,,
1699,UK,UK-CBBC,UK-CBBC,,UK,UK:CBBC.uk,CBBC,UK,entertainment.ie;freeview.co.uk;m.tv.sms.cz;mytelly.co.uk;player.ee.co.uk;sky.com;tv.blue.ch;tv24.co.uk;tvireland.ie;virgintvgo.virginmedia.com;webtv.delta.nl,fuzzy_name_high,1.000,ok,,https://cms123456.com/assets/uploads/files/817bc-cbbc_2016_logo.svg.png
1691,UK,UK-CBS Justice,UK-CBS Justice,,UK,,,,,unmapped,0.500,unmapped,no reliable match in target-country guide channel set,https://cms123456.com/assets/uploads/files/ddd90-cbs_action.png
1704,UK,UK-COMEDY EXTRA,UK-COMEDY EXTRA,,UK,UK:ComedyCentral.uk,Comedy Central,UK,entertainment.ie;mytelly.co.uk;player.ee.co.uk;sky.com;tvireland.ie;virgintvgo.virginmedia.com,fuzzy_name_review,0.846,review,,
1674,UK,UK-Cartoonito,UK-Cartoonito,,UK,UK:Cartoonito.uk,Cartoonito,UK,dsmart.com.tr;mytelly.co.uk;pickx.be;player.ee.co.uk;sky.com;tvireland.ie;tvplus.com.tr;virgintvgo.virginmedia.com,fuzzy_name_high,1.000,ok,,https://cms123456.com/assets/uploads/files/47a77-cartoonito_us.png
1705,UK,UK-Channel 5,UK-Channel 5,,UK,UK:Channel5.uk,Channel 5,UK,entertainment.ie;freeview.co.uk;m.tv.sms.cz;mytelly.co.uk;player.ee.co.uk;sky.com;tv.blue.ch;tv24.co.uk;virgintvgo.virginmedia.com,fuzzy_name_high,1.000,ok,,https://cms123456.com/assets/uploads/files/29192-channel_5_-uk-_2016.svg.png
1692,UK,UK-Comedy Central,UK-Comedy Central,,UK,UK:ComedyCentral.uk,Comedy Central,UK,entertainment.ie;mytelly.co.uk;player.ee.co.uk;sky.com;tvireland.ie;virgintvgo.virginmedia.com,fuzzy_name_high,1.000,ok,,https://cms123456.com/assets/uploads/files/4f395-comedy_central_us_hd.png
1682,UK,UK-Discovery Channel,UK-Discovery Channel,,UK,UK:DiscoveryChannel.uk,Discovery Channel,UK,entertainment.ie;mytelly.co.uk;player.ee.co.uk;sky.com;tvireland.ie,fuzzy_name_high,1.000,ok,,https://cms123456.com/assets/uploads/files/7b073-discovery_global_us_hd.png
1683,UK,UK-Discovery History,UK-Discovery History,,UK,UK:DiscoveryHistory.uk,Discovery History,UK,entertainment.ie;mytelly.co.uk;sky.com;tvireland.ie;virgintvgo.virginmedia.com,fuzzy_name_high,1.000,ok,,https://cms123456.com/assets/uploads/files/59e37-discovery_history.png
1686,UK,UK-Discovery Investigation,UK-Discovery Investigation,,UK,UK:DiscoveryChannel.uk,Discovery Channel,UK,entertainment.ie;mytelly.co.uk;player.ee.co.uk;sky.com;tvireland.ie,fuzzy_name_high,0.920,ok,,https://cms123456.com/assets/uploads/files/51d84-investigation_discovery_us-1-.png
1684,UK,UK-Discovery Science,UK-Discovery Science,,UK,UK:DiscoveryChannel.uk,Discovery Channel,UK,entertainment.ie;mytelly.co.uk;player.ee.co.uk;sky.com;tvireland.ie,fuzzy_name_high,0.920,ok,,https://cms123456.com/assets/uploads/files/45a1b-discovery_science_global_hd.png
1685,UK,UK-Discovery Turbo,UK-Discovery Turbo,,UK,UK:DiscoveryTurbo.uk,Discovery Turbo,UK,entertainment.ie;mytelly.co.uk;sky.com;tvireland.ie;virgintvgo.virginmedia.com,fuzzy_name_high,1.000,ok,,https://cms123456.com/assets/uploads/files/eeb65-discovery_turbo_us.png
1676,UK,UK-Disney Channel,UK-Disney Channel,,UK,UK:DisneyChannelEMEA.uk,Disney Channel EMEA,UK,melita.com,fuzzy_name_high,0.920,ok,,https://cms123456.com/assets/uploads/files/de0f2-disney_channel_global_hd.png
1677,UK,UK-Disney Junior,UK-Disney Junior,,UK,UK:DisneyJuniorScandinavia.uk,Disney Junior Scandinavia,UK,teliatv.ee;tv.nu,fuzzy_name_high,0.920,ok,,https://cms123456.com/assets/uploads/files/a27cf-5686b-339_medium.png
1678,UK,UK-Disney XD,UK-Disney XD,,UK,,,,,unmapped,0.700,unmapped,no reliable match in target-country guide channel set,https://cms123456.com/assets/uploads/files/8a2a6-disney_xd_us_hd.png
1669,UK,UK-Eurosport 1,UK-Eurosport 1,,UK,,,,,unmapped,0.609,unmapped,no reliable match in target-country guide channel set,https://cms123456.com/assets/uploads/files/d49ef-british_eurosport_1.png
1670,UK,UK-Eurosport 2,UK-Eurosport 2,,UK,,,,,unmapped,0.609,unmapped,no reliable match in target-country guide channel set,https://cms123456.com/assets/uploads/files/28c15-british_eurosport_2.png
1689,UK,UK-FOX,UK-FOX,,UK,,,,,unmapped,0.667,unmapped,no reliable match in target-country guide channel set,https://cms123456.com/assets/uploads/files/1f148-fox_movies_pt.png
1702,UK,UK-ITV 1,UK-ITV 1,,UK,UK:ITV1.uk,ITV1,UK,freeview.co.uk;m.tv.sms.cz;mytelly.co.uk;player.ee.co.uk;sky.com;tv.blue.ch,fuzzy_name_high,0.920,ok,,https://cms123456.com/assets/uploads/files/0d3f7-itv_uk_hd.png
1700,UK,UK-ITV 2,UK-ITV 2,,UK,UK:ITV2.uk,ITV2,UK,entertainment.ie;freeview.co.uk;m.tv.sms.cz;mytelly.co.uk;player.ee.co.uk;sky.com;tv.blue.ch;tv24.co.uk;virgintvgo.virginmedia.com,fuzzy_name_high,0.920,ok,,https://cms123456.com/assets/uploads/files/71230-itv_uk_2_hd.png
1661,UK,UK-ITV 3,UK-ITV 3,,UK,UK:ITV3.uk,ITV3,UK,entertainment.ie;freeview.co.uk;m.tv.sms.cz;mytelly.co.uk;player.ee.co.uk;sky.com;tv.blue.ch;tv24.co.uk;tvireland.ie;virgintvgo.virginmedia.com,fuzzy_name_high,0.920,ok,,https://cms123456.com/assets/uploads/files/4ebc9-sky_de_cinema_hd.png
1706,UK,UK-MTV Classic,UK-MTV Classic,,UK,,,,,unmapped,0.700,unmapped,no reliable match in target-country guide channel set,https://cms123456.com/assets/uploads/files/84676-telechargement.png
1693,UK,UK-MTV Hits,UK-MTV Hits,,UK,,,,,unmapped,0.588,unmapped,no reliable match in target-country guide channel set,https://cms123456.com/assets/uploads/files/167ae-mtv_hits_us_global.png
1694,UK,UK-MTV Music,UK-MTV Music,,UK,UK:MTVMusic.uk,MTV Music,UK,mytelly.co.uk;tvireland.ie;virgintvgo.virginmedia.com,fuzzy_name_high,1.000,ok,,https://cms123456.com/assets/uploads/files/dd31a-mtv_music_uk.png
1671,UK,UK-MU TV,UK-MU TV,,UK,,,,,unmapped,0.667,unmapped,no reliable match in target-country guide channel set,https://cms123456.com/assets/uploads/files/050f4-mutv.png
1695,UK,UK-Motors TV,UK-Motors TV,,UK,,,,,unmapped,0.600,unmapped,no reliable match in target-country guide channel set,
1696,UK,UK-Movies 4 Men,UK-Movies 4 Men,,UK,,,,,unmapped,0.783,unmapped,no reliable match in target-country guide channel set,https://cms123456.com/assets/uploads/files/7f238-movies4men.png
1681,UK,UK-NICK JUNIOR,UK-NICK JUNIOR,,UK,,,,,unmapped,0.778,unmapped,no reliable match in target-country guide channel set,
1679,UK,UK-Nickelodeon,UK-Nickelodeon,,UK,UK:Nickelodeon.uk,Nickelodeon,UK,entertainment.ie;mytelly.co.uk;player.ee.co.uk;sky.com;tvireland.ie;virgintvgo.virginmedia.com,fuzzy_name_high,1.000,ok,,https://cms123456.com/assets/uploads/files/84670-nickelodeon_us.png
1680,UK,UK-Nicktoons,UK-Nicktoons,,UK,UK:Nicktoons.uk,Nicktoons,UK,entertainment.ie;player.ee.co.uk;sky.com;virgintvgo.virginmedia.com,fuzzy_name_high,1.000,ok,,https://cms123456.com/assets/uploads/files/a1a09-nick_toons_us.png
1697,UK,UK-Premier Sport,UK-Premier Sport,,UK,,,,,unmapped,0.500,unmapped,no reliable match in target-country guide channel set,https://cms123456.com/assets/uploads/files/8823b-download.png
1651,UK,UK-SKY NEWS,UK-SKY NEWS,,UK,UK:SkyNews.uk,Sky News,UK,chaines-tv.orange.fr;freeview.co.uk;guidatv.sky.it;i.mjh.nz;melita.com;mytelly.co.uk;neo.io;nowplayer.now.com;player.ee.co.uk;pluto.tv;sky.com;starhubtvplus.com;tv.sfr.fr;tv24.co.uk;tv24.se;tvireland.ie;virgintvgo.virginmedia.com;xumo.tv,fuzzy_name_high,1.000,ok,,
1709,UK,UK-Sky Arts,UK-Sky Arts,,UK,UK:SkyArts.uk,Sky Arts,UK,entertainment.ie;freeview.co.uk;m.tv.sms.cz;mytelly.co.uk;player.ee.co.uk;sky.com;tv24.co.uk;tvireland.ie;virgintvgo.virginmedia.com,fuzzy_name_high,1.000,ok,,https://cms123456.com/assets/uploads/files/87c1b-sky_arts_2020.png
1653,UK,UK-Sky Atlantic,UK-Sky Atlantic,,UK,UK:SkyAtlantic.uk,Sky Atlantic,UK,entertainment.ie;m.tv.sms.cz;mytelly.co.uk;player.ee.co.uk;sky.com;tvireland.ie,fuzzy_name_high,1.000,ok,,https://cms123456.com/assets/uploads/files/9c9a5-sky_uk_atlantic_ie.png
1654,UK,UK-Sky Cinema Action,UK-Sky Cinema Action,,UK,UK:SkyCinemaAction.uk,Sky Cinema Action,UK,entertainment.ie;m.tv.sms.cz;mytelly.co.uk;player.ee.co.uk;sky.com;tvireland.ie;virgintvgo.virginmedia.com,fuzzy_name_high,1.000,ok,,https://cms123456.com/assets/uploads/files/b87a9-sky_de_cinema_action.png
1655,UK,UK-Sky Cinema Comedy,UK-Sky Cinema Comedy,,UK,UK:SkyCinemaComedy.uk,Sky Cinema Comedy,UK,entertainment.ie;mytelly.co.uk;player.ee.co.uk;sky.com;tvireland.ie;virgintvgo.virginmedia.com,fuzzy_name_high,1.000,ok,,https://cms123456.com/assets/uploads/files/c68e6-sky_it_cinema_comedy_hd.png
1656,UK,UK-Sky Cinema Drama,UK-Sky Cinema Drama,,UK,UK:SkyCinemaDrama.uk,Sky Cinema Drama,UK,entertainment.ie;m.tv.sms.cz;mytelly.co.uk;sky.com;tvireland.ie;virgintvgo.virginmedia.com,fuzzy_name_high,1.000,ok,,https://cms123456.com/assets/uploads/files/efc12-sky_uk_cinema_drama_romance.png
1657,UK,UK-Sky Cinema Family,UK-Sky Cinema Family,,UK,UK:SkyCinemaFamily.uk,Sky Cinema Family,UK,m.tv.sms.cz;mytelly.co.uk;player.ee.co.uk;sky.com;tvireland.ie;virgintvgo.virginmedia.com,fuzzy_name_high,1.000,ok,,https://cms123456.com/assets/uploads/files/22690-sky_de_cinema_family_hd.png
1663,UK,UK-Sky Cinema Greats,UK-Sky Cinema Greats,,UK,UK:SkyCinemaGreats.uk,Sky Cinema Greats,UK,entertainment.ie;m.tv.sms.cz;sky.com;tvireland.ie;virgintvgo.virginmedia.com,fuzzy_name_high,1.000,ok,,https://cms123456.com/assets/uploads/files/12d5b-sky_uk_cinema_greats.png
1658,UK,UK-Sky Cinema Premiere,UK-Sky Cinema Premiere,,UK,UK:SkyCinemaPremiere.uk,Sky Cinema Premiere,UK,entertainment.ie;m.tv.sms.cz;mytelly.co.uk;player.ee.co.uk;sky.com;tvireland.ie;virgintvgo.virginmedia.com,fuzzy_name_high,1.000,ok,,https://cms123456.com/assets/uploads/files/4f0f0-sky_uk_cinema_premiere.png
1659,UK,UK-Sky Cinema Sci Fi & Horror,UK-Sky Cinema Sci Fi & Horror,,UK,UK:SkyCinemaSciFiHorror.uk,Sky Cinema Sci-Fi Horror,UK,m.tv.sms.cz;mytelly.co.uk;player.ee.co.uk;sky.com;tvireland.ie;virgintvgo.virginmedia.com,fuzzy_name_high,0.923,ok,,https://cms123456.com/assets/uploads/files/eb08a-sky_uk_cinema_scifi_horror.png
1660,UK,UK-Sky Cinema Select,UK-Sky Cinema Select,,UK,UK:SkyCinemaSelect.uk,Sky Cinema Select,UK,m.tv.sms.cz;sky.com;virgintvgo.virginmedia.com,fuzzy_name_high,1.000,ok,,https://cms123456.com/assets/uploads/files/be247-sky_uk_cinema_select.png
1662,UK,UK-Sky Cinema Thriller,UK-Sky Cinema Thriller,,UK,UK:SkyCinemaThriller.uk,Sky Cinema Thriller,UK,entertainment.ie;mytelly.co.uk;player.ee.co.uk;sky.com;tvireland.ie;virgintvgo.virginmedia.com,fuzzy_name_high,1.000,ok,,https://cms123456.com/assets/uploads/files/eb519-sky_uk_cinema_crime_thriller.png
1687,UK,UK-Sky Crime,UK-Sky Crime,,UK,UK:SkyCrime.uk,Sky Crime,UK,entertainment.ie;m.tv.sms.cz;mytelly.co.uk;player.ee.co.uk;sky.com;tvireland.ie;virgintvgo.virginmedia.com,fuzzy_name_high,1.000,ok,,https://cms123456.com/assets/uploads/files/26b78-crime_investigation_us-1-.png
1652,UK,UK-Sky One,UK-Sky One,,UK,UK:SkyOne.uk,Sky One,UK,m.tv.sms.cz,fuzzy_name_high,1.000,ok,,https://cms123456.com/assets/uploads/files/0b3be-skychb1402-e1510583202908.png
1664,UK,UK-Sky Sports F1,UK-Sky Sports F1,,UK,UK:SkySportsF1.uk,Sky Sports F1,UK,mytelly.co.uk;player.ee.co.uk;sky.com;tvireland.ie;virgintvgo.virginmedia.com,fuzzy_name_high,1.000,ok,,https://cms123456.com/assets/uploads/files/88cf6-sky_it_sport_f1_hd.png
1665,UK,UK-Sky Sports News,UK-Sky Sports News,,UK,UK:SkySportsNews.uk,Sky Sports News,UK,m.tv.sms.cz;mytelly.co.uk;player.ee.co.uk;sky.com;tvireland.ie;virgintvgo.virginmedia.com,fuzzy_name_high,1.000,ok,,https://cms123456.com/assets/uploads/files/aeb09-sky_uk_sports_news_hq.png
1698,UK,UK-premier sport 2,UK-premier sport 2,,UK,,,,,unmapped,0.593,unmapped,no reliable match in target-country guide channel set,https://cms123456.com/assets/uploads/files/0cb7a-640px-setanta-logo.jpg
1708,UK,Uk- Sky Sports Premier League,Uk- Sky Sports Premier League,,UK,UK:SkySportsPremierLeague.uk,Sky Sports Premier League,UK,entertainment.ie;mytelly.co.uk;player.ee.co.uk;sky.com;tvireland.ie;virgintvgo.virginmedia.com,fuzzy_name_high,1.000,ok,,
1787,USA,Bravo,Bravo,,US,US:Bravo.us,Bravo,US,tvguide.com;tvpassport.com;tvtv.us,fuzzy_name_high,1.000,ok,,
1791,USA,CARTOON NETWORK,CARTOON NETWORK,,US,US:CartoonNetwork.us,Cartoon Network,US,epg.iptvx.one;gatotv.com;mi.tv;tvguide.com;tvpassport.com;tvtv.us,fuzzy_name_high,1.000,ok,,
1790,USA,Disney JNR,Disney JNR,,US,US:DisneyChannel.us,Disney Channel,US,tvguide.com;tvpassport.com;tvtv.us,fuzzy_name_high,0.920,ok,,
1789,USA,Disney XD,Disney XD,,US,US:DisneyXD.us,Disney XD,US,tvguide.com;tvpassport.com;tvtv.us,fuzzy_name_high,1.000,ok,,
1788,USA,E!,E!,,US,US:E.us,E!,US,tvguide.com;tvpassport.com;tvtv.us,fuzzy_name_high,1.000,ok,,
1750,USA,Tennis Plus 1,Tennis Plus 1,,US,,,,,unmapped,0.000,unmapped,ambiguous/event channel; not mapped to a different parent/region EPG channel,https://cms123456.com/assets/uploads/files/31f63-26be7340-5cc9-4323-bbbd-35f4cb09b275-medium16x9_channellogos_white1251x125101.png
1759,USA,Tennis Plus 10,Tennis Plus 10,,US,,,,,unmapped,0.000,unmapped,ambiguous/event channel; not mapped to a different parent/region EPG channel,https://cms123456.com/assets/uploads/files/6f1ad-0b1e369c-0cc9-4a74-b26a-5b2a84fdf01d-medium16x9_channellogos_white1251x125112.png
1751,USA,Tennis Plus 2,Tennis Plus 2,,US,,,,,unmapped,0.000,unmapped,ambiguous/event channel; not mapped to a different parent/region EPG channel,https://cms123456.com/assets/uploads/files/396ef-6112a742-2737-4ae0-9612-24062491f2dc-medium16x9_channellogos_white1251x125102.png
1752,USA,Tennis Plus 3,Tennis Plus 3,,US,,,,,unmapped,0.000,unmapped,ambiguous/event channel; not mapped to a different parent/region EPG channel,https://cms123456.com/assets/uploads/files/c4e6f-f6772994-3ec6-4823-9892-b2ba03c25733-medium16x9_channellogos_white1251x125103.png
1753,USA,Tennis Plus 4,Tennis Plus 4,,US,,,,,unmapped,0.000,unmapped,ambiguous/event channel; not mapped to a different parent/region EPG channel,https://cms123456.com/assets/uploads/files/10473-b514b66c-221e-441f-93c5-9d007effd154-medium16x9_channellogos_white1251x125104.png
1754,USA,Tennis Plus 5,Tennis Plus 5,,US,,,,,unmapped,0.000,unmapped,ambiguous/event channel; not mapped to a different parent/region EPG channel,https://cms123456.com/assets/uploads/files/6982e-c6dda2dd-7923-4e3c-ae22-02c3c420d16d-medium16x9_channellogos_white1251x125105.png
1755,USA,Tennis Plus 6,Tennis Plus 6,,US,,,,,unmapped,0.000,unmapped,ambiguous/event channel; not mapped to a different parent/region EPG channel,https://cms123456.com/assets/uploads/files/52422-b2ff8064-7899-44e2-8293-7cd97fcbef7d-medium16x9_channellogos_white1251x125106.png
1756,USA,Tennis Plus 7,Tennis Plus 7,,US,,,,,unmapped,0.000,unmapped,ambiguous/event channel; not mapped to a different parent/region EPG channel,https://cms123456.com/assets/uploads/files/2b5c9-00661484-99e5-493c-a4a6-5064529bae6a-medium16x9_channellogos_white1251x125107.png
1757,USA,Tennis Plus 8,Tennis Plus 8,,US,,,,,unmapped,0.000,unmapped,ambiguous/event channel; not mapped to a different parent/region EPG channel,https://cms123456.com/assets/uploads/files/18239-d3927fad-9c55-426e-bd75-c2de7dd890eb-medium16x9_channellogos_white1251x125108.png
1758,USA,Tennis Plus 9,Tennis Plus 9,,US,,,,,unmapped,0.000,unmapped,ambiguous/event channel; not mapped to a different parent/region EPG channel,https://cms123456.com/assets/uploads/files/4a21f-93670407-2724-4367-b43e-2cdb3ed8af22-medium16x9_channellogos_white1251x125111.png
1749,USA,The T Channel,The T Channel,,US,,,,,unmapped,0.667,unmapped,no reliable match in target-country guide channel set,https://cms123456.com/assets/uploads/files/68ab3-dee6b67f-3ee6-45ad-b6ce-85310e8ed4d0-medium16x9_thetchannelv4.png
1778,USA,The Tennis Channel,The Tennis Channel,,US,US:TennisChannel.us,Tennis Channel,US,i.mjh.nz;orangetv.orange.es;plex.tv;pluto.tv;tvguide.com;tvpassport.com;tvtv.us;xumo.tv,fuzzy_name_high,1.000,ok,,https://cms123456.com/assets/uploads/files/10d17-5e99f6de-b8e7-41f9-bdc9-a207404bab19-medium16x9_tennischannellogo_white1251x1251081.png
1786,USA,US-Russia Today USA,US-Russia Today USA,,US,US:USATODAY.us,USA TODAY,US,i.mjh.nz;plex.tv,fuzzy_name_high,0.920,ok,,https://cms123456.com/assets/uploads/files/35c1f-russia-today-logo.svg.png
1772,USA,USA- Action max,USA- Action max,,US,US:ActionMax.us,ActionMax,US,ontvtonight.com;tvguide.com;tvpassport.com;tvtv.us,fuzzy_name_high,0.947,ok,,
1770,USA,USA- American Heroes Channel,USA- American Heroes Channel,,US,US:AmericanHeroesChannel.us,American Heroes Channel,US,tvguide.com;tvhebdo.com;tvpassport.com;tvtv.us,fuzzy_name_high,1.000,ok,,
1775,USA,USA- Animal Planet,USA- Animal Planet,,US,US:AnimalPlanet.us,Animal Planet,US,ontvtonight.com;tvguide.com;tvpassport.com;tvtv.us,fuzzy_name_high,1.000,ok,,
1784,USA,USA- CINEMAX ACTION MAX EAST,USA- CINEMAX ACTION MAX EAST,,US,US:ActionMax.us,ActionMax,US,ontvtonight.com;tvguide.com;tvpassport.com;tvtv.us,fuzzy_name_high,0.920,ok,,
1783,USA,USA- CINEMAX EAST,USA- CINEMAX EAST,,US,US:Cinemax.us,Cinemax,US,epg.iptvx.one;tvguide.com;tvpassport.com;tvtv.us,fuzzy_name_high,0.920,ok,,
1782,USA,USA- CINEMAX MOVIEMAX,USA- CINEMAX MOVIEMAX,,US,US:Cinemax.us,Cinemax,US,epg.iptvx.one;tvguide.com;tvpassport.com;tvtv.us,fuzzy_name_high,0.920,ok,,
1781,USA,USA- CINEMAX OUTER MAX,USA- CINEMAX OUTER MAX,,US,US:Cinemax.us,Cinemax,US,epg.iptvx.one;tvguide.com;tvpassport.com;tvtv.us,fuzzy_name_high,0.920,ok,,
1780,USA,USA- CINEMAX THRILLERMAX HD,USA- CINEMAX THRILLERMAX HD,,US,US:Cinemax.us,Cinemax,US,epg.iptvx.one;tvguide.com;tvpassport.com;tvtv.us,fuzzy_name_high,0.920,ok,,
1779,USA,USA- CINEMAXX MORE MAXX,USA- CINEMAXX MORE MAXX,,US,US:Cinemax.us,Cinemax,US,epg.iptvx.one;tvguide.com;tvpassport.com;tvtv.us,fuzzy_name_high,0.920,ok,,
1761,USA,USA- EPIX,USA- EPIX,,US,,,,,unmapped,0.750,unmapped,no reliable match in target-country guide channel set,
1762,USA,USA- EPIX 2,USA- EPIX 2,,US,,,,,unmapped,0.714,unmapped,no reliable match in target-country guide channel set,
1763,USA,USA- EPIX Hits,USA- EPIX Hits,,US,,,,,unmapped,0.588,unmapped,no reliable match in target-country guide channel set,
1766,USA,USA- FXM,USA- FXM,,US,US:FXM.us,FXM,US,mi.tv,fuzzy_name_high,1.000,ok,,
1764,USA,USA- FXX,USA- FXX,,US,US:FXX.us,FXX,US,tvguide.com;tvpassport.com;tvtv.us,fuzzy_name_high,1.000,ok,,
1765,USA,USA- Fox Fusiness,USA- Fox Fusiness,,US,,,,,unmapped,0.700,unmapped,no reliable match in target-country guide channel set,
1767,USA,USA- IFC,USA- IFC,,US,US:IFC.us,IFC,US,tvguide.com;tvpassport.com;tvtv.us,fuzzy_name_high,1.000,ok,,
1776,USA,USA- MAV TV,USA- MAV TV,,US,,,,,unmapped,0.667,unmapped,no reliable match in target-country guide channel set,
1777,USA,USA- MLB Network,USA- MLB Network,,US,US:MLBNetwork.us,MLB Network,US,epg.iptvx.one;tvguide.com;tvhebdo.com;tvpassport.com;tvtv.us,fuzzy_name_high,1.000,ok,,
1785,USA,USA- MSNBC,USA- MSNBC,,US,US:MSNBCInternational.us,MSNBC International,US,tvhebdo.com,fuzzy_name_high,0.920,ok,,
1774,USA,USA- Me TV,USA- Me TV,,US,,,,,unmapped,0.667,unmapped,no reliable match in target-country guide channel set,
1768,USA,USA- Nickelodeon,USA- Nickelodeon,,US,US:Nickelodeon.us,Nickelodeon,US,epg.iptvx.one;tvguide.com;tvpassport.com;tvtv.us,fuzzy_name_high,1.000,ok,,
1769,USA,USA- QVC,USA- QVC,,US,US:QVC.us,QVC,US,i.mjh.nz;tvpassport.com;tvtv.us;xumo.tv,fuzzy_name_high,1.000,ok,,
1771,USA,USA- Red Bull tv,USA- Red Bull tv,,US,,,,,unmapped,0.600,unmapped,no reliable match in target-country guide channel set,
1773,USA,USA- Starz Kids & Family,USA- Starz Kids & Family,,US,US:StarzKidsFamily.us,Starz Kids & Family,US,ontvtonight.com;tvguide.com;tvpassport.com;tvtv.us,fuzzy_name_high,1.000,ok,,
1760,USA,USA- UFC Fight Pass,USA- UFC Fight Pass,,US,US:Fight.us,Fight,US,cubmu.com,fuzzy_name_high,0.920,ok,,
1730,USA,USA-A&E,USA-A&E,,US,US:AE.us,A&E,US,tvguide.com;tvhebdo.com;tvtv.us,fuzzy_name_high,1.000,ok,,
1716,USA,USA-ABC,USA-ABC,,US,US:ABC.us,ABC,US,ontvtonight.com;tvguide.com;tvpassport.com;tvtv.us,fuzzy_name_high,1.000,ok,,https://cms123456.com/assets/uploads/files/4221d-abc-logo.jpg
1715,USA,USA-ABC-NEWS,USA-ABC-NEWS,,US,US:ABCNewsLive.us,ABC News Live,US,epg.iptvx.one;i.mjh.nz;pluto.tv;tvpassport.com;tvtv.us;xumo.tv,fuzzy_name_high,1.000,ok,,https://cms123456.com/assets/uploads/files/60b8a-abcn.png
1748,USA,USA-ABN,USA-ABN,,US,,,,,unmapped,0.667,unmapped,no reliable match in target-country guide channel set,https://cms123456.com/assets/uploads/files/0a00c-2def0-fr-recupere.png
1727,USA,USA-AMC,USA-AMC,,US,US:AMC.us,AMC,US,ontvtonight.com;tvguide.com;tvpassport.com;tvtv.us,fuzzy_name_high,1.000,ok,,https://cms123456.com/assets/uploads/files/92aa8-amc.png
1740,USA,USA-Bloomberg,USA-Bloomberg,,US,US:BloombergTV.us,Bloomberg TV,US,bein.com;canalplus.com;chaines-tv.orange.fr;content.astro.com.my;digiturk.com.tr;directv.com.uy;distro.tv;guidatv.sky.it;i.mjh.nz;m.tv.sms.cz;melita.com;meo.pt;meuguia.tv;mi.tv;mncvision.id;mujtvprogram.cz;mytelly.co.uk;nostv.pt;nowplayer.now.com;nuevosiglo.com.uy;osn.com;plex.tv;pluto.tv;programetv.ro;programtv.onet.pl;singtel.com;sky.com;starhubtvplus.com;startimestv.com;superguidatv.it;tataplay.com;telenet.tv;teliatv.ee;tv.blue.ch;tv.lv;tv.magenta.at;tv.mail.ru;tv.post.lu;tv.sfr.fr;tvguide.com;tvireland.ie;tvpassport.com;tvplus.com.tr;tvtv.us;virgintvgo.virginmedia.com;visionplus.id;vodafone.pt;watch.whaletvplus.com;webtv.delta.nl,fuzzy_name_high,1.000,ok,,https://cms123456.com/assets/uploads/files/326ff-2def0-fr-recupere.png
1714,USA,USA-CBSN,USA-CBSN,,US,US:CBSNews247.us,CBS News 24/7,US,i.mjh.nz;plex.tv;pluto.tv;xumo.tv,fuzzy_name_high,0.920,ok,,https://cms123456.com/assets/uploads/files/046c7-450.png
1713,USA,USA-CNBC,USA-CNBC,,US,US:CNBC.us,CNBC,US,epg.iptvx.one;starhubtvplus.com;tvguide.com;tvhebdo.com;tvpassport.com;tvtv.us,fuzzy_name_high,1.000,ok,,https://cms123456.com/assets/uploads/files/4885c-thumb-cnbc-2013-01-29.jpg
1710,USA,USA-CNN,USA-CNN,,US,US:CNN.us,CNN,US,i.mjh.nz;meuguia.tv;tv.dir.bg;tvguide.com;tvguide.myjcom.jp;tvhebdo.com;tvpassport.com;tvtv.us;vodafone.pt,fuzzy_name_high,1.000,ok,,https://cms123456.com/assets/uploads/files/4e8ae-cnn-logo.png
1728,USA,USA-CW,USA-CW,,US,US:CW.us,CW,US,tvtv.us,fuzzy_name_high,1.000,ok,,https://cms123456.com/assets/uploads/files/5243f-cw.png
1735,USA,USA-CineMax,USA-CineMax,,US,US:Cinemax.us,Cinemax,US,epg.iptvx.one;tvguide.com;tvpassport.com;tvtv.us,fuzzy_name_high,1.000,ok,,https://cms123456.com/assets/uploads/files/b5313-2def0-fr-recupere.png
1741,USA,USA-ESPN,USA-ESPN,,US,US:ESPN.us,ESPN,US,epg.iptvx.one;meuguia.tv;mi.tv;ontvtonight.com;tvguide.com;tvpassport.com;tvtv.us,fuzzy_name_high,1.000,ok,,https://cms123456.com/assets/uploads/files/11108-2def0-fr-recupere.png
1742,USA,USA-ESPN-2,USA-ESPN-2,,US,US:ESPN2.us,ESPN 2,US,epg.iptvx.one;ontvtonight.com;tvguide.com;tvpassport.com;tvtv.us,fuzzy_name_high,1.000,ok,,https://cms123456.com/assets/uploads/files/40b69-2def0-fr-recupere.png
1717,USA,USA-FOX,USA-FOX,,US,US:Fox.us,Fox,US,tvguide.com;tvpassport.com;tvtv.us,fuzzy_name_high,1.000,ok,,https://cms123456.com/assets/uploads/files/dad5d-fox.png
1737,USA,USA-FX_US,USA-FX_US,,US,,,,,unmapped,0.667,unmapped,no reliable match in target-country guide channel set,https://cms123456.com/assets/uploads/files/f04b2-2def0-fr-recupere.png
1718,USA,USA-Fox-News,USA-Fox-News,,US,US:FoxNewsChannel.us,Fox News Channel,US,epg.iptvx.one;foxtel.com.au;gatotv.com;guidatv.sky.it;i.mjh.nz;mi.tv;mncvision.id;nuevosiglo.com.uy;nzxmltv.com;programacion.tcc.com.uy;singtel.com;sky.co.nz;starhubtvplus.com;superguidatv.it;tv.blue.ch;tvguide.com;tvhebdo.com;tvpassport.com;tvtv.us;visionplus.id;webtv.delta.nl,fuzzy_name_high,1.000,ok,,https://cms123456.com/assets/uploads/files/ec305-acevvvedo-foxnews.jpg
1719,USA,USA-Fox-Sports-1,USA-Fox-Sports-1,,US,US:FoxSports1.us,Fox Sports 1,US,tvguide.com,fuzzy_name_high,1.000,ok,,https://cms123456.com/assets/uploads/files/ccc10-fox-sports-1-logo__onecolumn.gif
1720,USA,USA-Fox-Sports-2,USA-Fox-Sports-2,,US,US:FoxSports2.us,Fox Sports 2,US,tvguide.com,fuzzy_name_high,1.000,ok,,https://cms123456.com/assets/uploads/files/703db-acevvvedo-foxnews.jpg
1792,USA,USA-GOLF CHANNEL ,USA-GOLF CHANNEL ,,US,US:GolfChannel.us,Golf Channel,US,epg.iptvx.one;m.tv.sms.cz;mujtvprogram.cz;tvguide.com;tvhebdo.com;tvpassport.com;tvtv.us,fuzzy_name_high,1.000,ok,,
1723,USA,USA-HBO-1,USA-HBO-1,,US,US:HBO.us,HBO,US,ontvtonight.com;tvguide.com;tvpassport.com;tvtv.us,manual_alias,1.000,ok,,https://cms123456.com/assets/uploads/files/2e983-hbo-150x150.jpg
1724,USA,USA-HBO-2,USA-HBO-2,,US,US:HBO2.us,HBO 2,US,ontvtonight.com;tvguide.com;tvpassport.com;tvtv.us,manual_alias,1.000,ok,,https://cms123456.com/assets/uploads/files/3500e-brand.gif
1725,USA,USA-HBO_FAMILY,USA-HBO_FAMILY,,US,,,,,unmapped,0.000,unmapped,ambiguous/event channel; not mapped to a different parent/region EPG channel,https://cms123456.com/assets/uploads/files/936ee-hbo_family.png
1726,USA,USA-HBO_ZONE,USA-HBO_ZONE,,US,US:HBOZone.us,HBO Zone,US,ontvtonight.com;tvguide.com;tvpassport.com;tvtv.us,manual_alias,1.000,ok,,https://cms123456.com/assets/uploads/files/4fa98-hboz.png
1747,USA,USA-HISTORY,USA-HISTORY,,US,US:History.us,History,US,tvguide.com;tvtv.us,fuzzy_name_high,1.000,ok,,https://cms123456.com/assets/uploads/files/9a9ae-2def0-fr-recupere.png
1736,USA,USA-Hallmark,USA-Hallmark,,US,US:HallmarkChannel.us,Hallmark Channel,US,tvguide.com;tvpassport.com;tvtv.us,fuzzy_name_high,1.000,ok,,https://cms123456.com/assets/uploads/files/7e893-2def0-fr-recupere.png
1738,USA,USA-Lifetime,USA-Lifetime,,US,US:Lifetime.us,Lifetime,US,tvguide.com;tvpassport.com;tvtv.us,fuzzy_name_high,1.000,ok,,
1746,USA,USA-MTV-Live,USA-MTV-Live,,US,US:MTV.us,MTV,US,tvguide.com;tvpassport.com;tvtv.us,fuzzy_name_high,1.000,ok,,https://cms123456.com/assets/uploads/files/78755-mtv_live_logo.png
1743,USA,USA-NBA-TV,USA-NBA-TV,,US,US:NBATV.us,NBA TV,US,dsmart.com.tr;epg.iptvx.one;m.tv.sms.cz;turksatkablo.com.tr;tvguide.com;tvhebdo.com;tvpassport.com;tvtv.us,fuzzy_name_high,1.000,ok,,https://cms123456.com/assets/uploads/files/623af-2def0-fr-recupere.png
1711,USA,USA-NBC,USA-NBC,,US,US:NBC.us,NBC,US,tvguide.com;tvpassport.com;tvtv.us,fuzzy_name_high,1.000,ok,,https://cms123456.com/assets/uploads/files/357b9-nbc-logo.jpg
1712,USA,USA-NBCSN,USA-NBCSN,,US,,,,,unmapped,0.750,unmapped,no reliable match in target-country guide channel set,https://cms123456.com/assets/uploads/files/2bb42-28sdmrtr.jpg
1744,USA,USA-NFL-NETWORK,USA-NFL-NETWORK,,US,US:NFLNetwork.us,NFL Network,US,epg.iptvx.one;gatotv.com;ontvtonight.com;tv.nu;tvguide.com;tvhebdo.com;tvpassport.com;tvtv.us,fuzzy_name_high,1.000,ok,,https://cms123456.com/assets/uploads/files/23482-nflnetwork_logo__120921162856.jpg
1745,USA,USA-NHL-NETWORK,USA-NHL-NETWORK,,US,US:NHLNetwork.us,NHL Network,US,epg.iptvx.one;nhl.com;tvguide.com;tvpassport.com;tvtv.us,fuzzy_name_high,1.000,ok,,https://cms123456.com/assets/uploads/files/8430e-2def0-fr-recupere.png
1721,USA,USA-SHOWTIME-1,USA-SHOWTIME-1,,US,US:Showtime.us,Showtime,US,tvguide.com;tvtv.us,fuzzy_name_high,0.920,ok,,https://cms123456.com/assets/uploads/files/e55dd-photo-1-.jpg
1722,USA,USA-SHOWTIME-2,USA-SHOWTIME-2,,US,US:Showtime2.us,Showtime 2,US,ontvtonight.com;tvguide.com;tvpassport.com;tvtv.us,fuzzy_name_high,1.000,ok,,https://cms123456.com/assets/uploads/files/af8b9-photo-2-.jpg
1731,USA,USA-STARZ_CINEMA,USA-STARZ_CINEMA,,US,US:StarzCinema.us,Starz Cinema,US,ontvtonight.com;tvguide.com;tvtv.us,fuzzy_name_high,1.000,ok,,https://cms123456.com/assets/uploads/files/1319c-sans-titre-1.png
1732,USA,USA-STARZ_COMEDY,USA-STARZ_COMEDY,,US,US:StarzComedy.us,Starz Comedy,US,ontvtonight.com;tvguide.com;tvpassport.com;tvtv.us,fuzzy_name_high,1.000,ok,,https://cms123456.com/assets/uploads/files/b55a1-sans-titre-1.png
1733,USA,USA-STARZ_EDGE,USA-STARZ_EDGE,,US,US:StarzEdge.us,Starz Edge,US,ontvtonight.com;tvguide.com;tvpassport.com;tvtv.us,fuzzy_name_high,1.000,ok,,https://cms123456.com/assets/uploads/files/bd6c9-sans-titre-1.png
1734,USA,USA-SYFY,USA-SYFY,,US,US:SyfyLatinAmerica.us,Syfy Latin America,US,meuguia.tv;mi.tv;reportv.com.ar,fuzzy_name_high,0.920,ok,,https://cms123456.com/assets/uploads/files/e0165-syfy_logo_small.jpg
1729,USA,USA-USA-NETWORK,USA-USA-NETWORK,,US,US:USANetwork.us,USA Network,US,tvguide.com;tvtv.us,fuzzy_name_high,1.000,ok,,https://cms123456.com/assets/uploads/files/38460-usan.png
1739,USA,USA-WWEHD,USA-WWEHD,,US,,,,,unmapped,0.727,unmapped,no reliable match in target-country guide channel set,https://cms123456.com/assets/uploads/files/ce217-2def0-fr-recupere.png
